titulo,contenido,autor,fecha,url,emocionalidad_full,subjetividad_full,objetividad_full,seccion
"Dólar blue hoy, dólar hoy: a cuánto cotizan el martes 30 de abril","EN VIVO Eldólar bluecotiza esta jornada un 17.06% arriba del oficial. Cotiza a para la compra  $1010,00 y $1040,00 para la venta. El valor de la divisa extranjera en el mercado oficial es de $862,77 y $920,57. En relación de la última jornada hábil, el blue continúa con tendencia a la baja ya que los valores fueron: $1015,00 para la compra y $1045,00  para la venta. La divisa estadounidense en el mercado informal presenta una cotización de $1010,00 compra y $1040,00 para la venta, en tanto el dólar oficial cotiza a $862,77 y $920,57, respectivamente. Esta situación genera una brecha cambiaria del 17.06% entre el mercado oficial y el paralelo. La divisa estadounidense en el mercado informal registra una cotización de $1010,00 para la compra y $1040,00 venta, mientras que dólar oficial se ubica en $862,77 y $920,57, respectivamente. Esta condición genera una brecha cambiaria del 17.06% entre ambos mercados. La divisa estadounidense en el mercado informal presenta un valor de $1010,00 para la compra y $1040,00 venta, mientras que dólar oficial cotiza a $862,77 y 920,57 pesos, respectivamente. Esta situación genera una brecha cambiaria del 17.06% entre el mercado oficial y el paralelo. El dólar informal presenta un valor de $1010,00 para la compra y $1040,00 venta, mientras que dólar oficial cotiza a 862,77 pesos y $920,57, respectivamente. Esta situación genera una brecha cambiaria del 17.06% entre ambos mercados. La divisa estadounidense en el mercado informal registra un valor de $1010,00 para la compra y $1040,00 para la venta, mientras que dólar oficial se ubica en 862,77 pesos y $920,57, respectivamente. Esta situación acarrea una brecha cambiaria del 17.06% entre ambos mercados. La divisa estadounidense en el mercado informal registra una cotización de $1010,00 compra y $1040,00 para la venta, en tanto el dólar oficial se ubica en 862,74 pesos y 920,54 pesos, respectivamente. Esta situación genera una brecha cambiaria del 17.07% entre ambos mercados. La divisa estadounidense en el mercado informal presenta una cotización de $1010,00 para la compra y $1040,00 venta, en tanto el dólar oficial cotiza a $862,74 y 920,54 pesos, respectivamente. Esta situación acarrea una brecha cambiaria del 17.07% entre ambos mercados. El dólar paralelo presenta un valor de $1010,00 para la compra y $1040,00 para la venta, mientras que dólar oficial cotiza a $862,74 y 920,54 pesos, respectivamente. Esta situación genera una brecha cambiaria del 17.07% entre ambos mercados. La divisa estadounidense en el mercado informal presenta una cotización de $1010,00 para la compra y $1040,00 venta, mientras que dólar oficial se ubica en 862,74 pesos y 920,54 pesos, respectivamente. Esta condición genera una brecha cambiaria del 17.07% entre el mercado oficial y el paralelo. La divisa estadounidense en el mercado informal registra un valor de $1010,00 para la compra y $1040,00 venta, mientras que dólar oficial cotiza a 862,74 pesos y $920,54, respectivamente. Esta situación acarrea una brecha cambiaria del 17.07% entre el mercado oficial y el paralelo. Conocé todas las opciones del contenido que podés recibir en tu correo. Noticias, cultura, ciencia, economía, diversidad, lifestyle y mucho más, con la calidad de información del Grupo Octubre, el motor cultural de América Latina. Este es un contenido original realizado por nuestra redacción. Sabemos que valorás la información rigurosa, con una mirada que va más allá de los datos y del bombardeo cotidiano. Hace 37 añosPágina|12asumió un compromiso con el periodismo, lo sostiene y cuenta con vos para renovarlo cada día.",Desconocido,2024-05-24T10:28:41-03:00,https://www.pagina12.com.ar/732911-dolar-blue-hoy-dolar-hoy-a-cuanto-cotizan-el-martes-30-de-ab,1.8790860176086426,0.10732323232323235,0.8926767676767676,economia
"Dólar blue hoy, dólar hoy: a cuánto cotizan el miércoles 08 de mayo","EN VIVO Eldólar bluecotiza esta jornada un 16.66% arriba del oficial. Cotiza a para la compra  $1010,00 y $1040,00 para la venta. El valor de la divisa extranjera en el mercado oficial es de $865,74 y $923,56. En relación del último día hábil, el blue continúa con tendencia estable ya que los valores fueron: $1010,00 para la compra y $1040,00  para la venta. El dólar paralelo presenta una cotización de compra de $1010,00 y de venta de $1040,00, mientras que el dólar oficial se ubica en $865,74 para la compra y $923,56 para la venta. Esta situación genera una brecha cambiaria del 16.66% entre el mercado oficial y el paralelo. A la espera de conocer el dato de la inflación que dará el Indec el martes,el Índice de Precios al Consumidor de la Ciudad de Buenos Aires registró un incremento de 9,8 por ciento en abril y acumuló una suba del 72,6 por ciento en el primer cuatrimestre del año. El Gobierno nacional espera poder mostrar una cifra de inflación por debajo de los dos dígitos, algo que ocurrirá si se repite la relación entre la cifra ofrecida por la Ciudad y la del INDEC, que en marzo había arrojado un13,2 por cientoy11 por ciento, respectivamente. Inflación: un cuatrimestre de horror La divisa estadounidense en el mercado informal registra una cotización de compra de $1010,00 y de venta de $1040,00, mientras que el dólar oficial se cotiza a $865,74 para la compra y a $923,56 para la venta, respectivamente. Esta situación acarrea una brecha cambiaria del 16.66% entre el mercado oficial y el paralelo. La divisa estadounidense en el mercado informal registra una cotización de compra de $1010,00 y de venta de $1040,00, mientras que el dólar oficial cotiza a $865,74 para la compra y $923,56 para la venta, respectivamente. Esta situación genera una brecha cambiaria del 16.66% entre el mercado oficial y el paralelo. El dólar paralelo presenta una cotización de $1010,00 para la compra y $1040,00 para la venta, mientras que el dólar oficial se ubica en $865,74 para la compra y $923,56 para la venta, respectivamente. Esta condición genera una brecha cambiaria del 16.66% entre ambos mercados. El dólar informal presenta un valor de $1010,00 para la compra y $1040,00 para la venta, mientras que el dólar oficial cotiza a $865,74 para la compra y $923,56 para la venta. Esta situación acarrea una brecha cambiaria del 16.66% entre ambos mercados. La divisa estadounidense en el mercado informal presenta una cotización de compra de $1010,00 y de venta de $1040,00, mientras que el dólar oficial se ubica en $865,74 para la compra y $923,56 para la venta, respectivamente. Esta situación genera una brecha cambiaria del 16.66% entre el mercado oficial y el paralelo. La divisa estadounidense en el mercado informal presenta un valor de compra de $1015,00 y de venta de $1045,00, mientras que el dólar oficial cotiza a $865,74 para la compra y $923,56 para la venta, respectivamente. Esta situación genera una brecha cambiaria del 17.24% entre ambos mercados. El dólar paralelo registra una cotización de $1010,00 para la compra y $1040,00 para la venta, mientras que el dólar oficial se ubica en $865,74 para la compra y $923,56 para la venta, respectivamente. Esta condición acarrea una brecha cambiaria del 16.66% entre el mercado oficial y el paralelo. El dólar informal registra un valor de compra de $1010,00 y de venta de $1040,00, mientras que el dólar oficial se ubica en $865,74 para la compra y $923,56 para la venta, respectivamente. Esta situación genera una brecha cambiaria del 16.66% entre ambos mercados. Conocé todas las opciones del contenido que podés recibir en tu correo. Noticias, cultura, ciencia, economía, diversidad, lifestyle y mucho más, con la calidad de información del Grupo Octubre, el motor cultural de América Latina. Este es un contenido original realizado por nuestra redacción. Sabemos que valorás la información rigurosa, con una mirada que va más allá de los datos y del bombardeo cotidiano. Hace 37 añosPágina|12asumió un compromiso con el periodismo, lo sostiene y cuenta con vos para renovarlo cada día.",Desconocido,2024-05-24T10:29:11-03:00,https://www.pagina12.com.ar/734947-dolar-blue-hoy-dolar-hoy-a-cuanto-cotizan-el-miercoles-08-de,1.9027516841888428,0.11484375000000002,0.88515625,economia
CFK de recorrida por la sede del Partido Justicialista,"EN VIVO La ex presidenta Cristina Kirchner visitó la histórica sede del PJ nacional, ubicado en la calle Matheu 130 de la ciudad de Buenos Aires, en lo que bien podría considerarse el debut formal de su cargo como titular del peronismo. El recorrido por la sede partidaria lo mostró CFK a través de un video que distribuyó por la red social Tiktok. Durante la recorrida estuvo junto al senador y uno de los vicepresidentes del partido, José Mayans, y la apoderada Teresa García, además del dirigente porteño Juan Manuel Olmos. En el video se la ve a Cristina saludando y conversando los empleados del PJ. ""Recorrimos la sede nacional del PJ"", publicó la expresidenta y en el video se la puede ver recorriendo las oficinas y salones que tiene la sede del PJ. La ex mandataria asumió el miércoles último el cargo de titular del PJ, oportunidad en que cuestionó el modelo de ""motosierra"" que implica el ajuste de la gestión de Javier Milei y sostuvo que existe una ""aceptación social"" de ese programa. Fue durante un acto que se desarrolló en la sede de la Universidad Metropolitana para la Educación y el Trabajo (UMET), donde CFK señaló que el Gobierno ""no tiene modelo productivo, tiene un modelo de desvalorización financiera"", afirmó. Ese día también advirtió que ""no hay antecedentes de un legislador detenido en comisión de in fraganti delito"", en referencia al exsenador Edgardo Kueider. Conocé todas las opciones del contenido que podés recibir en tu correo. Noticias, cultura, ciencia, economía, diversidad, lifestyle y mucho más, con la calidad de información del Grupo Octubre, el motor cultural de América Latina. Este es un contenido original realizado por nuestra redacción. Sabemos que valorás la información rigurosa, con una mirada que va más allá de los datos y del bombardeo cotidiano. Hace 37 añosPágina|12asumió un compromiso con el periodismo, lo sostiene y cuenta con vos para renovarlo cada día.",Desconocido,2024-12-14T00:01:00-03:00,https://www.pagina12.com.ar/790270-cristina-kirchner-visito-la-sede-del-partido-justicialista,3.6640896797180176,0.13666666666666666,0.8633333333333333,el-pais
"Dólar blue hoy, dólar hoy: a cuánto cotizan el jueves 23 de mayo","EN VIVO El valor del dólar oficial hoy es de $872,14  para la compra y $929,52 para la venta, mientras que la cotización deldólar blue, $1245,00 y $1275,00, respectivamente. Con estos números la variación sitúa la brecha entre el dólar oficial y el dólar blue a 42.75%. Respecto de la anterior jornada hábil el blue permanece con tendencia estable: registró $1245,00 para la compra y $1275,00 para la venta. La divisa estadounidense en el mercado informal registra un valor de $1245,00 para la compra y $1275,00 para la venta, mientras que el dólar oficial se ubica en $872,14 y $929,52, respectivamente. Esta situación acarrea una brecha cambiaria del 42.75% entre el mercado oficial y el paralelo. Repunte inmobiliario La divisa estadounidense en el mercado informal registra un valor de $1245,00 para la compra y $1275,00 para la venta, mientras que el dólar oficial cotiza a $872,14 para la compra y $929,52 para la venta, respectivamente. Esta situación acarrea una brecha cambiaria del 42.75% entre el mercado oficial y el paralelo. La divisa estadounidense en el mercado informal registra un valor de $1245,00 para la compra y $1275,00 para la venta, mientras que el dólar oficial cotiza a $872,14 y $929,52, respectivamente. Esta situación genera una brecha cambiaria del 42,75% entre ambos mercados. El dólar informal registra una cotización de $1245,00 para la compra y $1275,00 para la venta, mientras que el dólar oficial se ubica en $872,14 y $929,52, respectivamente. Esta situación genera una brecha cambiaria del 42.75% entre ambos mercados. La divisa estadounidense en el mercado informal registra un valor de $1260,00 para la compra y $1290,00 para la venta, mientras que el dólar oficial se ubica en $873,19 para la compra y $930,58 para la venta, respectivamente. Esta situación acarrea una brecha cambiaria del 44.30% entre ambos mercados. La divisa estadounidense en el mercado informal registra un valor de compra de $1280,00  y de venta de $1300,00, mientras que el dólar oficial se ubica $872,14 para la compra y $929,52 para la venta, respectivamente.. La divisa estadounidense en el mercado informal registra un valor $1280,00 para la compra y $1300,00 para la venta, mientras que el dólar oficial se ubica en 873,20 pesos y 930,58 pesos, respectivamente. La divisa estadounidense en el mercado informal registra una cotización de $1280,00 para la compra y $1300,00 para la venta, mientras que el dólar oficial se ubica en 873,20 pesos y 930,58 pesos, respectivamente. El dólar blue registra un valor de compra de $1245,00 y de venta de $1275,00, mientras que el dólar oficial se ubica en $872,14 para la compra y $929,52 para la venta, respectivamente. Esta situación genera una brecha cambiaria del 42.75% entre el mercado oficial y el paralelo. Conocé todas las opciones del contenido que podés recibir en tu correo. Noticias, cultura, ciencia, economía, diversidad, lifestyle y mucho más, con la calidad de información del Grupo Octubre, el motor cultural de América Latina. Este es un contenido original realizado por nuestra redacción. Sabemos que valorás la información rigurosa, con una mirada que va más allá de los datos y del bombardeo cotidiano. Hace 37 añosPágina|12asumió un compromiso con el periodismo, lo sostiene y cuenta con vos para renovarlo cada día.",Desconocido,2024-05-24T10:30:17-03:00,https://www.pagina12.com.ar/739054-dolar-blue-hoy-dolar-hoy-a-cuanto-cotizan-el-jueves-23-de-ma,1.9625009298324585,0.14876543209876547,0.8512345679012345,economia
Se define la interna radical en Corrientes,"EN VIVO El próximo domingo se resolverá el liderazgo y posicionamiento a futuro de la Unión Cívica Radical de Corrientes. La Cámara Nacional Electoral ratificó las elecciones internas de ese partido y se encuentran habilitados a votar 87 mil afiliados. El gobernador Gustavo Valdés busca reafirmar su conducción como candidato a presidente de la lista “Vamos Radicales” y enfrentará a la lista de Ricardo Colombi que encabeza la ex presidenta del Comité Capital Alejandra Seward. La Cámara Nacional Electoral ratificó la elección de la interna radical para este domingo 22 de diciembre, al rechazar el planteo del espacio de Colombi que pedía impugnar el proceso electoral. Alrededor de 87 mil afiliados están habilitados para votar. Actualmente la Unión Cívica Radical correntina se encuentra intervenida por el Comité Nacional a partir de que Colombi dilató en dos oportunidades la convocatoria a elecciones internas, lo que llevaron a que el mandato del propio Colombi se venciera el 27 de abril pasado. Colombi había fijado como fecha para las elecciones internas el 27 de octubre, pero luego interpuso todo tipo de pedido de dilaciones para evitar la contienda. El domingo quedará saldada la discusión. Colombi votará en la ciudad de Mercedes, mientras que Valdés lo hará en Corrientes Capital. Conocé todas las opciones del contenido que podés recibir en tu correo. Noticias, cultura, ciencia, economía, diversidad, lifestyle y mucho más, con la calidad de información del Grupo Octubre, el motor cultural de América Latina. Este es un contenido original realizado por nuestra redacción. Sabemos que valorás la información rigurosa, con una mirada que va más allá de los datos y del bombardeo cotidiano. Hace 37 añosPágina|12asumió un compromiso con el periodismo, lo sostiene y cuenta con vos para renovarlo cada día.",Desconocido,2024-12-19T19:52:51-03:00,https://www.pagina12.com.ar/791698-se-define-la-interna-radical-en-corrientes,3.6888203620910645,0.16277777777777777,0.8372222222222222,el-pais
Polonia: el candidato ultraderechista se perfilaba ganador,"EN VIVO Los ciudadanos dePoloniaacudieron a las urnas este domingo en el balotaje de unaselecciones presidencialesque podrían redefinir elrumbo políticodel país dentro de laUnión Europea. Karol Nawrocki se perfila como ganador de la reñida elección, según una proyección divulgada a la 1 de la mañana local, en lo que sería un golpe para el gobierno proeuropeo del país. Nawrocki, un admirador del presidente estadounidense Donald Trump, habría alcanzado 51% de los votos frente a 49% de su rival liberal, Rafal Trzaskowski,de acuerdo con la proyección de Ipsos. Sondeos de boca de urna al cierre de los colegios electorales indicaban un empate técnico entre ambos. Laparticipaciónalcanzó un71,7 por ciento, unacifra históricapara el país. El primer sondeo de Ipsos, difundido a las 21 horastras el cierre de las mesas, colocaba a Trzaskowski —actual alcalde deVarsoviay representante de la Coalición Cívica—ligeramente por encima de Nawrocki, un historiadorsin experiencia política previa.  Sin embargo, el segundo y el tercer sondeo de la consultora invirtió la tendencia. Eltercero, basado en el90 por ciento de los distritos electoralesy con un margen de error de apenas 0,5 puntos, otorgaba dos puntos arriba aNawrocki, respaldado por el partidoultranacionalistaLey y Justicia(PiS ""¡Ganamos!"", proclamó Trzaskowski, de 53 años, apenas se conocieron los primeros sondeos, según recogió el diario polacoGazeta Wyborcza. “Voy a ser el presidente de todas las polacas y todos los polacos”, agregó. Por su parte, Nawrocki, de 42 años, aseguró ante sus seguidores: “Vamos a ganar y a salvar Polonia.No vamos a permitir que Donald Tusk gobierne mal, sin cuidar las finanzas públicas ni los sueños de nuestra nación”.  Conocé todas las opciones del contenido que podés recibir en tu correo. Noticias, cultura, ciencia, economía, diversidad, lifestyle y mucho más, con la calidad de información del Grupo Octubre, el motor cultural de América Latina. Este es un contenido original realizado por nuestra redacción. Sabemos que valorás la información rigurosa, con una mirada que va más allá de los datos y del bombardeo cotidiano. Hace 37 añosPágina|12asumió un compromiso con el periodismo, lo sostiene y cuenta con vos para renovarlo cada día.",Desconocido,2025-06-02T11:58:44-03:00,https://www.pagina12.com.ar/830542-balotaje-en-polonia-empate-tecnico-y-alta-participacion,2.320831298828125,0.168546365914787,0.831453634085213,el-mundo
Reconocen a periodista de Página/12 por su cobertura sobre la causa por las torturas en Malvinas,"EN VIVO ElCentro de Ex Combatientes Islas Malvinas (CECIM)realizó un homenaje a los caídos en el que participaron el gobernador Axel Kicillof y el intendente local, Julio Alak. En la ceremonia, fue reconocida la labor de la periodista dePágina/12Luciana Bertoia, que cubre las causas por crímenes cometidos durante la última dictadura --incluida la de las torturas a las que fueron sometidos los conscriptos que fueron enviados a la Guerra. El acto se realizó en la Plaza Islas Malvinas de La Plata, que está emplazada en el lugar donde antes funcionaba el Regimiento de Infantería 7, que operó tanto como centro clandestino durante el terrorismo de Estado y como punto de partida de las tropas que fueron desplegadas en las Malvinas. El CECIM reclamó que la Corte Suprema de Justicia defina si los tormentos a los que fueron sometidos quienes estaban haciendo la conscripción a manos de sus superiores son crímenes de lesa humanidad y, por ende, imprescriptibles. La semana pasada, la causa recibió un envión cuando la Sala I de Casación habilitó un recurso para llegar al máximo tribunal. Existe, además, un planteo ante la Comisión Interamericana de Derechos Humanos (CIDH) por la falta de respuestas de la justicia nacional. Conocé todas las opciones del contenido que podés recibir en tu correo. Noticias, cultura, ciencia, economía, diversidad, lifestyle y mucho más, con la calidad de información del Grupo Octubre, el motor cultural de América Latina. Este es un contenido original realizado por nuestra redacción. Sabemos que valorás la información rigurosa, con una mirada que va más allá de los datos y del bombardeo cotidiano. Hace 37 añosPágina|12asumió un compromiso con el periodismo, lo sostiene y cuenta con vos para renovarlo cada día.",Desconocido,2025-04-03T07:54:49-03:00,https://www.pagina12.com.ar/815296-reconocen-a-periodista-de-pagina-12-por-su-cobertura-sobre-l,4.102278709411621,0.171875,0.828125,el-pais
Líderes africanos piden reforma del sistema financiero en la 37ª Cumbre de la Unión Africana,"EN VIVO Reunidos en Adís Abeba, Etiopía, donde tuvo lugar la 37ª Cumbre de la Unión Africana (UA), líderes políticos africanos defendieron la urgencia de una reforma en el sistema financiero internacional. Los jefes de Estado y miembros de los gobiernos volvieron a tratar sobre la creación de un sistema financiero continental centrado en los intereses y necesidades de los 54 países africanos. En la cumbre y en parte de los eventos paralelos, los participantes discutieron propuestas como la creación de al menos tres nuevas instituciones financieras: el Banco Central Africano (BCA); el Fondo Monetario Africano (FMA) y el Banco Africano de Inversiones (BAI), según información del gobierno brasileño. El propósito de estas instituciones es servir como la columna vertebral del sistema africano, promoviendo la integración monetaria y financiera, impulsando el desarrollo económico en todo el continente y ampliando la participación regional en la economía global. Lula cuestiona el papel del FMI y el Banco Mundial El presidenteLuiz Inácio Lula da Silva(PT) también se pronunció sobre el funcionamiento de instituciones financieras internacionales durante su viaje a Etiopía para participar como invitado en la cumbre. En su discurso, el presidente brasileño hizo referencias directas al Fondo Monetario Internacional (FMI) y al Banco Mundial. ""¿Estas instituciones van a servir para financiar el desarrollo de los países pobres o van a seguir existiendo para sofocar a los países pobres?"", cuestionó. Lula también declaró que algunos países africanos tienen deudas insostenibles y propuso convertirlas en inversiones para el desarrollo. ""Ese dinero, en lugar de volver a la institución prestamista, puede dirigirse a la construcción de un ferrocarril, una carretera, una central hidroeléctrica, una planta termoeléctrica, una universidad, una institución de investigación. Es decir, que vaya hacia algo que signifique desarrollo para el continente africano"", afirmó. Para el mandatario, la Cumbre del G20, que se celebrará en noviembre en Río de Janeiro, será el mejor momento para discutir cuestiones como esta. El 1 de diciembre de 2023, Brasil asumió la presidencia rotativa. Además de reunir a las 19 mayores economías del mundo y a la Unión Europea, a partir de este año, la Unión Africana también se unirá al G20. Publicado originalmente en: almapreta.com.br Conocé todas las opciones del contenido que podés recibir en tu correo. Noticias, cultura, ciencia, economía, diversidad, lifestyle y mucho más, con la calidad de información del Grupo Octubre, el motor cultural de América Latina. Este es un contenido original realizado por nuestra redacción. Sabemos que valorás la información rigurosa, con una mirada que va más allá de los datos y del bombardeo cotidiano. Hace 37 añosPágina|12asumió un compromiso con el periodismo, lo sostiene y cuenta con vos para renovarlo cada día.",Desconocido,2024-02-20T08:38:05-03:00,https://www.pagina12.com.ar/713874-lideres-africanos-piden-reforma-del-sistema-financiero-en-la,3.01131534576416,0.18059866962305987,0.8194013303769401,negrx
Trump quiere establecer el inglés como idioma oficial de Estados Unidos,"EN VIVO El presidente de Estados Unidos,Donald Trump,busca declarar el inglés como""lengua oficial""de ese país. Se trata de una medida inédita, ya que Estados Unidos nunca tuvo un idioma oficial a nivel federal. Según un documento difundido este viernes por un funcionario de la Casa Blanca, la medida tiene el objetivo de ""promover la unidad"". Sin embargo, el proyecto también deja en evidencia eldesprecio del mandatario por las personas migrantes. ""Ya era hora de que el inglés fuera reconocido comoel idioma oficial de Estados Unidos"", indicó una fuente oficial a la agencia AFP. Aunque se desconoce en qué momento firmará la orden ejecutiva, se desestima que sea este mismo viernes, ya queno forma parte de las actividades planificadas para la jornada, según el programa de la Casa Blanca. La orden incluirá unaderogación de una directiva del año 2000, durante el mandato de Bill Clinton, para que las agencias federales faciliten servicios en otros idiomas a todos aquellos con un dominio limitado del inglés, según la cadena CNBC. A mediados de enero, a pocos días de haber asumido su segundo mandato al frente de los destinos de Estados Unidos, Trump ordenócerrar versión en españolde la página web de la Casa Blanca. Esta medida causó un gran revuelo, ya que según el centro de reflexión The Hispanic Council,43 millones de personas hablan españolcon fluidez en Estados Unidos. La decisión del mandatario norteamericano iría en línea con susúltimas medidas en contra de los migrantes. A fines de enero, en ese país se dio inicio a una feroz campaña dedeportación de migrantesilegales o de extranjeros residentes o estudiantes universitarios que se unieron a las protestas a favor de Palestina. El uso de otros idiomas en la vida pública, como el español, genera controversia desde hace años en Estados Unidos. En Texas, en 2011, un senador estatalexigió que un activista de los derechos de los inmigrantes hablara inglésy no su español nativo en una audiencia legislativa. Aquel episodio reavivó un debate  que se venía gestando desde hace décadas:¿es apropiado hablar español en Texas? El estado texano fue parte de México y, antes de eso, parte de la colonización española. De tal modo, la discusión del momento generó mucho dolor para muchos estadounidenses con orígenes latinos de avanzada edad, ya que les remitía a loscastigos sufridos por hablar españolen la escuela en los años 50. Conocé todas las opciones del contenido que podés recibir en tu correo. Noticias, cultura, ciencia, economía, diversidad, lifestyle y mucho más, con la calidad de información del Grupo Octubre, el motor cultural de América Latina. Este es un contenido original realizado por nuestra redacción. Sabemos que valorás la información rigurosa, con una mirada que va más allá de los datos y del bombardeo cotidiano. Hace 37 añosPágina|12asumió un compromiso con el periodismo, lo sostiene y cuenta con vos para renovarlo cada día.",Desconocido,2025-02-28T12:55:38-03:00,https://www.pagina12.com.ar/807427-trump-quiere-establecer-el-ingles-como-idioma-oficial-de-est,2.2074923515319824,0.18095238095238098,0.819047619047619,el-mundo
"Dólar blue hoy, dólar hoy: a cuánto cotizan el viernes 03 de mayo","EN VIVO Eldólar bluecotiza esta jornada un 16.92% arriba del oficial. Cotiza a para la compra  $1010,00 y $1040,00 para la venta. El valor de la divisa extranjera en el mercado oficial es de $863,86 y $921,34. En comparación con la anterior jornada hábil, donde el blue cotizaba a $1010,00 para la compra y $1040,00 para la venta. El dólar informal presenta una cotización de $1010,00 compra y $1040,00 venta, mientras que dólar oficial cotiza a 863,86 pesos y $921,34, respectivamente. Esta condición acarrea una brecha cambiaria del 16.92% entre el mercado oficial y el paralelo. El Gobierno decidió de forma unilateralincrementar el valor del salario mínimo obligatorio en un 6 por ciento en mayo.De esta manera, el salario mínimo sube de 221.052 pesos en abril a234.315 pesos en el mes en curso. El salario mínimo acumula undeterioro fenomenal en términos reales. Para tener una idea del grado de empobrecimiento de la clase trabajadora, cabe recordar que lalínea de indigencia, que define la canasta de alimentos necesaria para sobrevivir, de un hogar de dos adultos y dos niños es de 385.049 pesos. Sube un 6 por ciento el salario mínimo en mayo El Juzgado Civil y Comercial Federal Nº3 a cargo del juez Juan Rafael Stinco admitió el pedido de la Superintendencia de Seguros de Salud ydecretó una medida cautelar que le ordena a las prepagas a retrotraer sus precios a diciembre. Al mismo tiempo ordena efectuar los incrementos en las cuotas en base a la inflación que mide el INDEC, tal como ordenó la Secretaría de Comercio contradiciendo la desregulación ordenada por el aún vigente DNU 70/2023. Los detalles del fallo que ordena a las prepagas a devolver lo cobrado de más El dólar blue registra un valor de $1010,00 compra y $1040,00 venta, en tanto el dólar oficial se ubica en 863,86 pesos y $921,34, respectivamente. Esta condición acarrea una brecha cambiaria del 16.92% entre el mercado oficial y el paralelo. La divisa estadounidense en el mercado informal presenta una cotización de $1010,00 para la compra y $1040,00 para la venta, en tanto el dólar oficial cotiza a 863,86 pesos y 921,34 pesos, respectivamente. Esta condición acarrea una brecha cambiaria del 16.92% entre el mercado oficial y el paralelo. La divisa estadounidense en el mercado informal presenta un valor de $1005,00 para la compra y $1035,00 para la venta, mientras que dólar oficial cotiza a $864,04 y 923,85 pesos, respectivamente. Esta condición genera una brecha cambiaria del 16.31% entre ambos mercados. La divisa estadounidense en el mercado informal presenta un valor de $1005,00 para la compra y $1035,00 para la venta, mientras que dólar oficial se ubica en 864,04 pesos y $923,85, respectivamente. Esta situación acarrea una brecha cambiaria del 16.31% entre el mercado oficial y el paralelo. La divisa estadounidense en el mercado informal registra un valor de $1005,00 compra y $1035,00 para la venta, en tanto el dólar oficial se ubica en 864,04 pesos y $923,85, respectivamente. Esta condición genera una brecha cambiaria del 16.31% entre ambos mercados. Luego de haber denunciado públicamente los perjuicios que arrastrará el freno de la construcción de dos reactores nucleares en la provincia de Buenos Aires y el ajuste general dispuesto por el Gobierno en ese sector, la doctora en física reconocida a nivel internacionalAdriana Sarquis renunció a su cargo como titular de la Comisión Nacional de Energía Atómica(CNEA). Congelamiento, renuncias y hasta la paralización de dos obras centrales: ¿qué pasa con la producción energía atómica? La divisa estadounidense en el mercado informal presenta una cotización de $1005,00 compra y $1035,00 para la venta, en tanto el dólar oficial se ubica en $864,04 y $923,85, respectivamente. Esta condición acarrea una brecha cambiaria del 16.31% entre ambos mercados. Conocé todas las opciones del contenido que podés recibir en tu correo. Noticias, cultura, ciencia, economía, diversidad, lifestyle y mucho más, con la calidad de información del Grupo Octubre, el motor cultural de América Latina. Este es un contenido original realizado por nuestra redacción. Sabemos que valorás la información rigurosa, con una mirada que va más allá de los datos y del bombardeo cotidiano. Hace 37 añosPágina|12asumió un compromiso con el periodismo, lo sostiene y cuenta con vos para renovarlo cada día.",Desconocido,2024-05-24T10:28:53-03:00,https://www.pagina12.com.ar/733682-dolar-blue-hoy-dolar-hoy-a-cuanto-cotizan-el-viernes-03-de-m,1.6112968921661377,0.1838541666666666,0.8161458333333333,economia
Un avión que iba a Miami se declaró en emergencia y regresó a Ezeiza,"EN VIVO Un avión de American Airlines que había partido desde el aeropuerto internacional de Ezeiza rumbo a Miamidebió retornara la estación aérea debido a la presencia de humo en la cabina, según informaron fuentes aeroportuarias. Se trata de un avión Boeing 787-9 que con la nominación AA908 había despegado a las 11.10 hacia la ciudad estadounidense.Cuando volaba sobre Paraguay se habría detectado humo en la cabina, por lo que el comandante de la aeronave decidió regresar a Buenos Aires. De inmediato, siguiendo las normas de protocolo para estos casos, se declaró la emergencia yel vuelo aterrizó sin problemas alrededor de las 13.45. Ninguno de los pasajeros registró inconvenientes y todos descendieron del avión por manga, esperando una definición por parte de la empresa para la continuidad del vuelo. Este vuelo inicialmente estaba previsto para partir anoche a las 22.15, pero fue reprogramado para esta mañana. Conocé todas las opciones del contenido que podés recibir en tu correo. Noticias, cultura, ciencia, economía, diversidad, lifestyle y mucho más, con la calidad de información del Grupo Octubre, el motor cultural de América Latina. Este es un contenido original realizado por nuestra redacción. Sabemos que valorás la información rigurosa, con una mirada que va más allá de los datos y del bombardeo cotidiano. Hace 37 añosPágina|12asumió un compromiso con el periodismo, lo sostiene y cuenta con vos para renovarlo cada día.",Desconocido,2025-04-19T14:42:12-03:00,https://www.pagina12.com.ar/819340-un-avion-que-iba-a-miami-se-declaro-en-emergencia-y-regreso-,3.5567421913146973,0.18397435897435896,0.816025641025641,sociedad
"Dólar blue hoy, dólar hoy: a cuánto cotizan el jueves 09 de mayo","EN VIVO El valor del dólar oficial hoy es de $866,46  para la compra y $924,06 para la venta, mientras que la cotización deldólar blue, $1015,00 y $1045,00, respectivamente. Con estos números la variación sitúa la brecha entre el dólar oficial y el dólar blue a 17.14%. Respecto del último día hábil el blue permanece con tendencia alcista: registró $1010,00 para la compra y $1040,00 para la venta. El poder adquisitivo de lasjubilacionesestá en un piso muy bajo, y posiblemente se mantenga por debajo de los niveles de 2023 en lo que resta del año. Así lo afirmó el último trabajo del economistaNadin Argañaraz, que advirtió que si la inflación en mayo se ubicase en torno al 7,8 por ciento, el poder adquisitivo de las jubilaciones podría registrar un piso en febrero de 2024. Además, si la inflación siguiese descendiendo, se consolidaría un cambio de tendencia pero es clave lo que se haga con el bono de 70.000 a partir de junio. Dado que un tercio del recorte real del gasto en el primer trimestre del año se basó en las jubilaciones, será difícil que el Gobierno se vea inducido a aumentar el valor del bono. Destrucción del poder de compra de las jubilaciones El dólar paralelo registra una cotización de compra de $1015,00 y de venta de $1045,00, mientras que el dólar oficial se cotiza a $866,46 para la compra y $924,06 para la venta, respectivamente. Esta situación acarrea una brecha cambiaria del 17.14% entre ambos mercados. El dólar paralelo presenta una cotización de $1015,00 para la compra y $1045,00 para la venta, mientras que el dólar oficial cotiza a $866,46 para la compra y $924,06 para la venta, respectivamente. Esta condición genera una brecha cambiaria del 17.14% entre ambos mercados. El dólar paralelo registra un valor de compra de $1015,00 y de venta de $1045,00, mientras que el dólar oficial cotiza a $866,46 para la compra y a $924,06 para la venta, respectivamente. Esta situación genera una brecha cambiaria del 17.14% entre ambos mercados. El dólar informal presenta una cotización de $1015,00 para la compra y $1045,00 para la venta, mientras que el dólar oficial se ubica en $866,46 para la compra y $924,06 para la venta, respectivamente. Esta situación genera una brecha cambiaria del 17.14% entre el mercado oficial y el paralelo. La divisa estadounidense en el mercado informal registra un valor de $1015,00 para la compra y $1045,00 para la venta, mientras que el dólar oficial se ubica en $866,46 y $924,06, respectivamente. Esta situación genera una brecha cambiaria del 17.14% entre ambos mercados. El dólar informal registra un valor de $1015,00 para la compra y $1045,00 para la venta, mientras que el dólar oficial cotiza a $866,46 para la compra y $924,06 para la venta, respectivamente. Esta situación genera una brecha cambiaria del 17.14% entre el mercado oficial y el paralelo. El dólar informal presenta una cotización de $1015,00 para la compra y $1045,00 para la venta, mientras que el dólar oficial se ubica en $866,46 para la compra y $924,06 para la venta, respectivamente. Esta situación genera una brecha cambiaria del 17.14% entre el mercado oficial y el paralelo. La divisa estadounidense en el mercado informal registra un valor de compra de $1015,00 y de venta de $1045,00, mientras que el dólar oficial cotiza a $866,46 para la compra y $924,06 para la venta, respectivamente. Esta situación genera una brecha cambiaria del 17.14% entre ambos mercados. La divisa estadounidense en el mercado informal registra una cotización de $1015,00 para la compra y $1045,00 para la venta, mientras que el dólar oficial cotiza a 865,74 pesos y 923,56 pesos, respectivamente. Esta situación genera una brecha cambiaria del 17.24% entre el mercado oficial y el paralelo. Conocé todas las opciones del contenido que podés recibir en tu correo. Noticias, cultura, ciencia, economía, diversidad, lifestyle y mucho más, con la calidad de información del Grupo Octubre, el motor cultural de América Latina. Este es un contenido original realizado por nuestra redacción. Sabemos que valorás la información rigurosa, con una mirada que va más allá de los datos y del bombardeo cotidiano. Hace 37 añosPágina|12asumió un compromiso con el periodismo, lo sostiene y cuenta con vos para renovarlo cada día.",Desconocido,2024-05-24T10:29:17-03:00,https://www.pagina12.com.ar/735251-dolar-blue-hoy-dolar-hoy-a-cuanto-cotizan-el-jueves-09-de-ma,1.7695722579956055,0.1875675675675675,0.8124324324324325,economia
México y Estados Unidos coinciden en aumentar la cooperación en seguridad,"EN VIVO El secretario de Estado de Estados Unidos,Marco Rubio, y el cancillermexicano, Juan Ramón de la Fuente, coincidieronen la necesidad deintensificar la cooperación para mejorar laseguridadde sus ciudadanos, según indicó el Ejecutivo estadounidense. El Departamento de Estado apuntó en un comunicado que Rubio habló por teléfono con De la Fuente para impulsar un mayor progreso en las prioridades de seguridad compartidas.""Esto incluye los esfuerzos para asegurar la frontera entre Estados Unidos y México, desmantelar las organizaciones de carteles y promover la seguridad económica en América del Norte"", precisó. Uno y otro, según Washington, coincidieron en la necesidad de intensificar la cooperación entre ambos países, mejorando la seguridad y el bienestar de estadounidenses y mexicanos. La Secretaría de Relaciones de Exteriores de México (SRE) también hizo una publicación sobre la conversación en la red social X. ""Rubio reconoció los avances en materia de migración y seguridad, y destacó el trabajo realizado en materia de combate al tráfico de armas. Ambos convinieron en continuar el diálogo a través de los respectivos equipos"", subrayó. La cancillería también destacó que Juan Ramónde la Fuente aprovechó la comunicación con Rubio para reiterar el rechazo al impuesto de 3.5 por ciento que Estados Unidos quiere implementar sobre las remesas mexicanasy mencionó la visita que realizará una delegación de legisladores mexicanos a Washington D.C. la próxima semana para dialogar con sus contrapartes estadounidenses sobre dicho asunto. Actualmente, la medida impulsada por el gobierno del presidente republicano Donald Trump ya fue aprobada por la Cámara de Representantes del Congreso estadounidense y, en los próximos días, comenzará su tramitación en el Senado. Mientras tanto, las autoridades mexicanas están presionando para evitar su aprobación. Conocé todas las opciones del contenido que podés recibir en tu correo. Noticias, cultura, ciencia, economía, diversidad, lifestyle y mucho más, con la calidad de información del Grupo Octubre, el motor cultural de América Latina. Este es un contenido original realizado por nuestra redacción. Sabemos que valorás la información rigurosa, con una mirada que va más allá de los datos y del bombardeo cotidiano. Hace 37 añosPágina|12asumió un compromiso con el periodismo, lo sostiene y cuenta con vos para renovarlo cada día.",Desconocido,2025-06-01T00:01:00-03:00,https://www.pagina12.com.ar/830315-mexico-y-estados-unidos-coinciden-en-aumentar-la-cooperacion,3.0603933334350586,0.18771929824561404,0.8122807017543859,el-mundo
"""El dinero no era mío"": la excusa que puso de Edgardo Kueider en su primera declaración a la prensa","EN VIVO ""No tengo que justificar nada porque no era mío"".Con esa frase,Edgardo Kueidertrató de excusarse por tratar de cruzar la frontera a Paraguay con 200 mil dólares en una mochila. Se trata de las primeras declaraciones del senador aliado al gobierno tras su detención. Antes de ingresar a la unidad especializada y a la espera del fiscal, el legislador se mostró muy relajado y distendido ante la prensa y dijo que iba a aclarar todo ante la Justicia. ""Voy a dar mi versión al fiscal de turno para manifestarle mitotal inocencia"", sostuvo. Kueider ""está en carácter de aprehendido, explicó eldirector nacional de Migraciones de Paraguay,Jorge Kronawetter.Por lo pronto, el fiscal de la causa,Edgar Benítez, adelantó que va a pedir la detención del senador por una supuesta vinculación con actividades de contrabando y lavado de dinero. Se espera que Kueider rinda su declaración esta tarde, aunque puede retrasarse. El legislador se encontraba anoche en Ciudad del Este cuando decidió cruzar a Brasil para ir a cenar. Al volver fue retenido por un control fronterizo en el quese verificó que llevaba 211.102 dólares, 646.000 pesos argentinos y 3.900.000 guaraníes (unos $500.000), que no estaban declarados. Kueider no presentó declaraciones juradas en 2022 y 2023, pero en el 2021 manifestó contar con 8.500 dólares, además de dos inmuebles en Entre Ríos, dos vehículos y tres cajas de ahorro en pesos en donde se combinaba una suma cercana a los 1,5 millones de pesos. Además, carga con dos causas judiciales por presuntos enriquecimientos ilícitos: uno en la Justicia entrerriana y otra en la Justicia Federal, a cargo de la jueza Sandra Arroyo Salgado. Kueider fue detenido, durante a la madrugada, a bordo de un vehículo Chevrolet modelo Trailblazer, una camioneta 4x4 con patente argentina que registra deudas por más de 3 millones y medio de pesos en la Administración de Ingresos Públicos de Capital Federal (AGIP). Según pudo reconstruirse, el senador iba acompañado de su secretaria Iara Guisel Costa. Sin embargo, en las primeras horas,algunos medios informaron que el senador iba en compañía de su colega y compañera del bloque Unidad Federal, Alejandra Vigo. ""Su acompañante tiene antecedentes de estar vinculada a una causa por lavado de dinero.Una señora de nacionalidad argentina, Alejandra María Vigo"", indicó el periodista paraguayoGustavo Recalde, en declaraciones a la prensa argentina. Sin embargo,la propia senadora salió a desmentirlo, aseguró quese encuentra en Buenos Aires y que no está involucrada en el caso. ""Ante la falsa información que circula en algunos medios y en redes sociales con mala intención y en la que se mencionó mi nombre como la supuesta acompañante del senador Kueider al momento de ser demorado en Paraguay, aclaro que eso es absolutamente falso.Este martes y miércoles me encuentro en Buenos Aires. Puntualmente, durante esta jornada desarrollé actividad en el Senado de la Nación"", expresó Vigo en la red social X. Noticia en desarrollo. Conocé todas las opciones del contenido que podés recibir en tu correo. Noticias, cultura, ciencia, economía, diversidad, lifestyle y mucho más, con la calidad de información del Grupo Octubre, el motor cultural de América Latina. Este es un contenido original realizado por nuestra redacción. Sabemos que valorás la información rigurosa, con una mirada que va más allá de los datos y del bombardeo cotidiano. Hace 37 añosPágina|12asumió un compromiso con el periodismo, lo sostiene y cuenta con vos para renovarlo cada día.",Desconocido,2024-12-04T19:35:00-03:00,https://www.pagina12.com.ar/787780-el-dinero-no-era-mio-la-excusa-que-puso-de-edgardo-kueider-e,1.7168965339660645,0.18833333333333335,0.8116666666666666,el-pais
La CIDH pidió investigar el intento de magnicidio contra Evo Morales,"EN VIVO La Comisión Interamericana de Derechos Humanos (CIDH) llamó al gobierno de Bolivia a investigar la denuncia delintento de magnicidiocontra el expresidente del país,Evo Morales, ocurrido hace una semana.“CIDH llama al Estado a investigar con la debida diligencia la denuncia de ataque armado contra el vehículo que transportaba al expresidente Evo Morales, el 27 de octubre en Cochabamba”, se lee en un comunicado que difundió en sus redes sociales, sobre el hecho en el que 18 disparos impactaron contra su vehículo. ""Asimismo, en el actual contexto de tensiones políticas y sociales, insta a las autoridades a garantizar los derechos humanos, actuando oportunamente para atender puntos de conflicto y prevenir la violencia"", añadió, en el marco de las protestas en el país que ya llevan 20 días ininterrumpidos desde que comenzaron. En otro comunicado publicado en la red social X, la CIDH también se refirió a las agresiones a la prensa durante la cobertura de las protestas y los bloqueos, pidiendo tanto a las autoridades policiales y militares que encabezan la represión como a los manifestantes que les permitan realizar su trabajo. ""Urge a las autoridades a proteger a las y los periodistas e investigar los actos de violencia, y llama a civiles en los bloqueos a respetar su labor"", expresó a través de la Relatoría Especial por la Libertad de Expresión de la Comisión.  Conocé todas las opciones del contenido que podés recibir en tu correo. Noticias, cultura, ciencia, economía, diversidad, lifestyle y mucho más, con la calidad de información del Grupo Octubre, el motor cultural de América Latina. Este es un contenido original realizado por nuestra redacción. Sabemos que valorás la información rigurosa, con una mirada que va más allá de los datos y del bombardeo cotidiano. Hace 37 añosPágina|12asumió un compromiso con el periodismo, lo sostiene y cuenta con vos para renovarlo cada día.",Desconocido,2024-11-03T00:01:00-03:00,https://www.pagina12.com.ar/779821-la-cidh-pidio-investigar-el-intento-de-magnicidio-contra-evo,2.875359296798706,0.1906015037593985,0.8093984962406016,el-mundo
La OEA pide incluir el español como idioma oficial en la Corte Internacional de Justicia,"EN VIVO El Consejo Permanente de laOrganización de los Estados Americanos (OEA)aprobó este miércoles una declaración quesolicita a la Organización de Naciones Unidas (ONU)reconocer el español como el tercer idioma oficial en la Corte Internacional de Justicia (CIJ), además delinglés y el francés. La resolución,aprobada cuatro días después de que el presidente de EE.UU., Donald Trump, decretara como idioma oficial del país el inglés, y rebajara la importancia del español, que durante años tuvo un lugar de privilegio por ser la segunad lengua en cantidad de hablantes dentro de Estados Unidos, destaca la importancia del multilingüismo dentro de la ONU. La medida de la OEA subraya además queel español es el idioma principal de comunicación para más de 600 millones de personas en el mundo. Actualmente, la CIJ sólo contempla el inglés y el francés como idiomas oficiales, lo que ha generado desventajas para los países hispanohablantes en procesos judiciales internacionales.  Desde 1948, estos países han participado en al menos 38 casos contenciosos ante la Corte. La declaración enfatiza que la inclusión del español contribuiría al desarrollo progresivo de la CIJ y a una mayor equidad en el acceso a la justicia internacional. Además, solicita al Secretario General de la OEA, Luis Almagro, que transmita esta resolución al Secretario General de la ONU, António Guterres, para su consideración. El español es la segunda lengua más hablada de EE.UU. detrás del inglés, con 57,2 millones de hispanohablantes y la población hispana es el grupo minoritario más grande, donde 63,7 millones de estadounidenses son de origen hispano, según el Instituto Cervantes. Trump firmó el pasado sábado una orden ejecutiva en la que declaró el inglés como ""lengua oficial de Estados Unidos"", un título que nunca ha existido en la historia de la nación norteamericana. Conocé todas las opciones del contenido que podés recibir en tu correo. Noticias, cultura, ciencia, economía, diversidad, lifestyle y mucho más, con la calidad de información del Grupo Octubre, el motor cultural de América Latina. Este es un contenido original realizado por nuestra redacción. Sabemos que valorás la información rigurosa, con una mirada que va más allá de los datos y del bombardeo cotidiano. Hace 37 añosPágina|12asumió un compromiso con el periodismo, lo sostiene y cuenta con vos para renovarlo cada día.",Desconocido,2025-03-06T08:54:42-03:00,https://www.pagina12.com.ar/808556-la-oea-pide-incluir-el-espanol-como-idioma-oficial-en-la-cor,2.87545108795166,0.1907894736842105,0.8092105263157895,sociedad
"Maíz, soja y trigo, con precios en baja","EN VIVO Los futuros del maíz estadounidense descendieron este martes a su nivel más bajo en 2025. La caída se debe a la creciente preocupación por el impacto de las medidas comerciales del presidente Donald Trump, que podrían afectar las exportaciones agrícolas de Estados Unidos. En este contexto, el contrato de maíz en la Bolsa de Comercio de Chicago perdió un 1 por ciento, situándose en 171,65 dólares por tonelada. El conflicto se intensificó luego de que Trump impusiera aranceles del 25 por ciento a las importaciones provenientes de México y Canadá, y duplicara los impuestos a los productos chinos, llevándolos al 20 por ciento. La soja también sufrió una caída. Se registró una baja de 1,5 por ciento y finalizó en 361,55 dólares por tonelada en la Bolsa de Comercio de Chicago. Este valor es el más bajo desde principios de enero. El trigo, por su parte, registró una pérdida del 2,6 por ciento, terminando en 190,51 dólares por tonelada. El mercado teme que la guerra comercial afecte las exportaciones estadounidenses y beneficie a Brasil, que está en plena cosecha de soja y podría captar la mayor parte de la demanda china. Un operador europeo señaló que China no ha estado comprando maíz ni trigo recientemente y que, en el caso de la soja, la atención está puesta en Brasil. A su vez, el mercado de criptomonedas también sintió el impacto de la incertidumbre global. Este martes, Bitcoin llegó a caer casi un 13 por ciento, aunque logró recuperarse y cotizar cerca de los 90.000 dólares, según datos de Binance. El desplome inicial se produjo después de que entraran en vigor los aranceles estadounidenses a las importaciones de México y Canadá, junto con el aumento de gravámenes a los productos chinos. Conocé todas las opciones del contenido que podés recibir en tu correo. Noticias, cultura, ciencia, economía, diversidad, lifestyle y mucho más, con la calidad de información del Grupo Octubre, el motor cultural de América Latina. Este es un contenido original realizado por nuestra redacción. Sabemos que valorás la información rigurosa, con una mirada que va más allá de los datos y del bombardeo cotidiano. Hace 37 añosPágina|12asumió un compromiso con el periodismo, lo sostiene y cuenta con vos para renovarlo cada día.",Desconocido,2025-03-05T00:01:00-03:00,https://www.pagina12.com.ar/808358-maiz-soja-y-trigo-con-precios-en-baja,1.7592010498046875,0.19125,0.80875,economia
Edmundo González Urrutia llegó a España para recibir asilo político,"EN VIVO El referente opositor de VenezuelaEdmundo González Urrutiaviajó este domingo en un avión de las Fuerzas Aéreas españolas con destino a Madrid, donde recibió asilo político, luego de que laJusticia de Venezuela ordenara la detención del dirigente. ""El avión de las Fuerzas Aéreas Españolas que traslada a España a Edmundo González, acaba de aterrizar en laBase Aérea de Torrejón de Ardoz (Madrid)"", comunicó el Ministerio de Asuntos Exteriores español pasadas las 16.00 (hora local). Según informó la cartera, González Urrutia viajó acompañado por su esposa y por el secretario de Estado de Asuntos Exteriores y Goblales, Diego Martínez Belío, y en Madrid fue recibido por la secretaría de Estado para Iberoamérica y el Español en el Mundo, Susana Sumelzo. ""A partir de ahora,comenzarán los trámites para la petición del asilo, cuyo resolución será favorableen aras del compromiso de España con los derechos políticos y la integridad física de todos los venezolanos y venezolanas, especialmente de los líderes políticos"", indicó el Ministerio de Asuntos Exteriores español. Más temprano, José Manuel Albares, a cargo del ministerio, había informado que el dirigente venezolano estaba volando ""hacia España en un avión de la Fuerza Aérea española”. Según había adelantado el funcionario, González Urrutia ""solicitó acogerse al derecho de asilo, que por supuesto el gobierno de España va a tramitar y conceder”. ""El Gobierno de España reitera su compromiso con los derechos políticos y la integridad física de todos los venezolanos y venezolanas, muy especialmente de los líderes políticos"", había señalado el ministerio español en un comunicado. La salida del dirigente venezolano se daluego de estar varios días refugiado en la Embajada de España en Caracas, donde solicitó asilo político. La noticia no cayó bien entre losconservadores españoles, primera fuerza opositora, queconsideran que el asilo que el Gobierno concede al venezolano Edmundo González Urrutia ""no es hacerle un favor a la democracia, sino quitarle un problema a la dictadura del presidente Nicolás Maduro"". Está previsto que el Congreso español debata el martes una propuesta de los conservadores para que el Parlamento inste al Gobierno a reconocer a González Urrutia ganador de los comicios, mientras que el resultado oficial, confirmado por el Tribunal Supremo, da la victoria a Maduro. Conocé todas las opciones del contenido que podés recibir en tu correo. Noticias, cultura, ciencia, economía, diversidad, lifestyle y mucho más, con la calidad de información del Grupo Octubre, el motor cultural de América Latina. Este es un contenido original realizado por nuestra redacción. Sabemos que valorás la información rigurosa, con una mirada que va más allá de los datos y del bombardeo cotidiano. Hace 37 añosPágina|12asumió un compromiso con el periodismo, lo sostiene y cuenta con vos para renovarlo cada día.",Desconocido,2024-09-08T11:51:55-03:00,https://www.pagina12.com.ar/765740-edmundo-gonzalez-urrutia-dejo-venezuela-y-recibira-asilo-pol,2.3957645893096924,0.1937074829931973,0.8062925170068027,el-mundo
El Gobierno flexibilizó las compras de alimentos del exterior,"EN VIVO En línea con laapertura de de las importacionesque se viene llevando a cabo, el Gobiernoflexibilizóeste lunes lacompra de alimentos elaborados en el exterior. A partir de ahora, no habrá que hacer trámites ante la Administración Nacional de Medicamenteos, Alimentos y Tecnología Médica (Anmat) para traer comestiblessin fines comerciales. A través de laDisposición 3280/2025, publicada este lunes en elBoletín Oficial,se determinó quese podrán comprar alimentos en el exteriory recibirlos en el domicilio con elsistema courier, que es el mismo que se usa para compras de ropa, libro o productos electrónicos. Cabe aclarar, quela compra de alimentos importados a través de sitios online del exterior ya estaba habilitada. Sin embargo, al hacerlohabía que realizar un trámite ante la Anmat, que es el que con esta disposición se elimina. Así, solohabrá que cumplir con los requisitos de Aduanaque rigen para otras compras del exterior. Las condiciones para comprar alimentos importados sin tener que hacer el trámite ante el organismo son: La compra deberá ser para uso personal, no comercial. Además, la norma simplifica la compra dealimentos para propósitos médicos específicos de uso compasivo(que son los que usan algunos pacientes, con requerimientos nutricionales particulares o leches de fórmula y medicamentosas)ylos alimentos provenientes dedonaciones. Conocé todas las opciones del contenido que podés recibir en tu correo. Noticias, cultura, ciencia, economía, diversidad, lifestyle y mucho más, con la calidad de información del Grupo Octubre, el motor cultural de América Latina. Este es un contenido original realizado por nuestra redacción. Sabemos que valorás la información rigurosa, con una mirada que va más allá de los datos y del bombardeo cotidiano. Hace 37 añosPágina|12asumió un compromiso con el periodismo, lo sostiene y cuenta con vos para renovarlo cada día.",Desconocido,2025-05-19T09:39:01-03:00,https://www.pagina12.com.ar/826969-el-gobierno-flexibilizo-las-compras-de-alimentos-del-exterio,2.8515849113464355,0.19460784313725488,0.8053921568627451,economia
"Dólar blue hoy, dólar hoy: a cuánto cotizan el martes 14 de mayo","EN VIVO El valor del dólar oficial hoy es de $868,61  para la compra y $926,01 para la venta, mientras que la cotización deldólar blue, $1070,00 y $1070,00, respectivamente. Con estos números la variación sitúa la brecha entre el dólar oficial y el dólar blue a 23.19%. Respecto del último día hábil el blue permanece con tendencia alcista: registró $1015,00 para la compra y $1045,00 para la venta. La divisa estadounidense en el mercado informal presenta una cotización de $1070,00 para la compra y $1070,00 para la venta, mientras que el dólar oficial cotiza a $868,61 y $926,01, respectivamente. Esta situación acarrea una brecha cambiaria del 23.19% entre ambos mercados. La divisa estadounidense en el mercado informal presenta un valor de compra de $1070,00 y de venta de $1070,00, mientras que el dólar oficial cotiza a $868,61 para la compra y $926,01 para la venta, respectivamente. Esta situación acarrea una brecha cambiaria del 23.19% entre ambos mercados. El Gobierno flexibilizó los controles sobre la producción de granos y semillas, al reducir la cantidad de registros obligatorios anuales que deben realizar los productores agropecuarios. La normativa elimina tres de los cinco registros que se deben presentar en el Sistema de Información Simplificado Agrícola (SISA), al dejar sin efecto una resolución de julio de 2022 del entonces Ministerio de Agricultura y de la AFIP. En este sentido, se dieron de baja las declaraciones anuales de existencias de trigo respecto a las variedades detalladas (IP 3) y dos declaraciones de producción de granos (IP 4 e IP 5), que habían sido introducidas durante la administración anterior. A partir de ahora, los productores sólo deberán realizar dos declaraciones juradas al año, cuando registren las cosechas fina y gruesa al final de cada campaña, ya que quedan vigentes la presentación de la información de las existencias y de la capacidad de producción por campaña agrícola. Menos controles al campo El consumo masivo registró una caída histórica del 20,4 por ciento interanual en abril y retrocedió 17,1 por ciento frente a marzo, de acuerdo al relevamiento de Focus Market. La baja contra el mes anterior desmiente la afirmación de Javier Milei respecto a que en ese momento ya había empezado a producirse un rebote de la economía. La medición de la consultora muestra números negativos en todos los ítems. Por un lado, la cantidad de tickets expedidos cayó 11,2 por ciento contra el año anterior y 8,9 frente al mes precedente. Y las unidades por ticket descendieron a 4,5 en abril -con una contracción interanual del 4,2 por ciento- y a 4 unidades en marzo. Consumo masivo, afuera El dólar informal presenta un valor de compra de $1070,00 y de venta de $1070,00, mientras que el dólar oficial cotiza a $868,61 para la compra y $926,01 para la venta, respectivamente. Esta situación acarrea una brecha cambiaria del 23.19% entre ambos mercados. El Indec dio a conocer la inflación de abril: por ciento, con lo cual acumuló en apenas cuatro meses un 65 por ciento. En la comparación interanual, el Indice de Precios al Consumidor (IPC) muestra un alza del 289,4 por ciento. Mientras tanto, el Gobierno celebra que la inflación sea de un dígito. Indec: la inflación de abril fue de 8,8 por ciento El dólar blue registra una cotización de $1035,00 para la compra y $1065,00 para la venta, mientras que el dólar oficial se ubica en $868,61 y $926,11, respectivamente. Esta situación genera una brecha cambiaria del 19.16% entre el mercado oficial y el paralelo. El dólar paralelo registra una cotización de $1030,00 para la compra y $1060,00 para la venta, mientras que el dólar oficial se ubica en $868,61 para la compra y $926,11 para la venta, respectivamente. Esta situación acarrea una brecha cambiaria del 18.58% entre ambos mercados. La divisa estadounidense en el mercado informal presenta una cotización de $1030,00 para la compra y $1060,00 para la venta, mientras que el dólar oficial se ubica en 868,61 pesos y 926,11 pesos, respectivamente. Esta situación acarrea una brecha cambiaria del 18.58% entre ambos mercados. La divisa estadounidense en el mercado informal registra una cotización de $1030,00 para la compra y $1060,00 para la venta, mientras que el dólar oficial cotiza a $868,61 y $926,11 pesos, respectivamente. Esta situación genera una brecha cambiaria del 18.58% entre el mercado oficial y el paralelo. Conocé todas las opciones del contenido que podés recibir en tu correo. Noticias, cultura, ciencia, economía, diversidad, lifestyle y mucho más, con la calidad de información del Grupo Octubre, el motor cultural de América Latina. Este es un contenido original realizado por nuestra redacción. Sabemos que valorás la información rigurosa, con una mirada que va más allá de los datos y del bombardeo cotidiano. Hace 37 añosPágina|12asumió un compromiso con el periodismo, lo sostiene y cuenta con vos para renovarlo cada día.",Desconocido,2024-05-24T10:29:35-03:00,https://www.pagina12.com.ar/736502-dolar-blue-hoy-dolar-hoy-a-cuanto-cotizan-el-martes-14-de-ma,1.9646092653274536,0.19700854700854695,0.802991452991453,economia
"Luis Caputo en La Rural: ""Le pedimos al campo que confíe”","EN VIVO El ministro de Economía, Luis Caputo, visitó este martes la 136 Exposición de Ganadería, Agricultura e Industria Internacional Expo Rural 24, en donde mantuvo un encuentro con laMesa de Enlace. Una vez más,los productores se fueron sin ningún anuncio concreto, más allá de una promesa de rebaja de impuestos. La próxima parada del ministro será en Río de Janeiro para participa de la Reunión de Ministros del G20 y mantendrá unareunión bilateral con la Directora Gerente del Fondo Monetario Internacional(FMI), Kristalina Georgieva Caputo llegó a media mañana a La Rural, como previa del discurso que el presidente, Javier Milei, ofrecerá allí el próximo domingo para el cierre del evento. Al ingresar señaló: ""Le pedimos al campo que confíe. No hay resquemores hacia el campo. Estamos en un momento histórico"". Caputo remarcó además laimportancia de mantener el superávit fiscal y continuar con el crecimiento económico para permitir la rebaja de impuestos. Acompañado de los secretarios de Coordinación de Producción, Juan Pazo; su par de Agricultura, Ganadería y Pesca, Sergio Iraeta; y el Presidente de la Comisión de Presupuesto y Hacienda de la Cámara de Diputados, José Luis Espert, mantuvo una reunión con los representantes de la Mesa de Enlace en la que se dialogó sobre la situación del sector y sobre las políticas del Gobierno Nacional para fomentar las exportaciones y la producción. Allí, Caputo explicó las medidas implementadas para ordenar la economía y agradeció el apoyo del campo al Gobierno al asegurar que se trata de un sector fundamental en desarrollo de la economía nacional: ""Las retenciones es un impuesto que, por supuesto, nos gustaría bajar prioritariamente, pero como dice siempre el presidente Javier Milei, y digo yo, primero necesitamos superávit fiscal y es una de las prioridades.Cualquier anuncio que se haga lo va a hacer el Presidente”, aseguró el ministro tras una consulta de periodistas que se encontraban allí. En el encuentro estuvieron presentes el Presidente de la Sociedad Rural Argentina (SRA), Nicolás Pino; y su vicepresidente, Marcos Pereda; el Presidente de CONINAGRO, Elbio Laucirica; el subgerente general de la Asociación de Cooperativas Argentinas de esta entidad, Alejandro Bertone; el Presidente de las Confederaciones Rurales Argentinas (CRA), Carlos Castagnani; y el delegado del CRA por CARSFE, Gustavo Sutter Schneider. En representación de la Federación Agraria Argentina (FAA), participaron su Presidente, Elvio Guía; y el vicepresidente, Marcelo Banchi. Castagnani había asegurado más temprano en declaraciones radiales que esperaban ""anuncios concretos sobre impuesto PAIS, impuesto al cheque, retenciones”. Tras el encuentro, aseguró que ""no hubo anuncios concretos, pero sí se habló de objetivos. Quizás haya novedades pronto, quizás el domingo, tenemos algún indicio. Ojalá sea próspero para todo el sector”. El ministro de Economía participará este miércoles de la Reunión de Ministros del G20 en Río de Janeiro. Según confirmaron desde el Ministerio, Caputo mantendrá reuniones bilaterales con la Directora Gerente del Fondo Monetario Internacional (FMI), Kristalina Georgieva; con la secretaria del Tesoro de los Estados Unidos, Janet Yellen; y con el subsecretario de Asuntos Internacionales del Tesoro, Jay Shambaugh. Además, Caputo se reunirá con el Presidente del Banco Mundial, Ajay Banga; con el Secretario General de la OCDE, Mathias Cormann; y con el Director General del Tesoro de Francia, Bertrand Dumont. También, el Ministro tiene previstas reuniones con su par de Economía y Finanzas de Italia, Giancarlo Giorgetti; y con el Presidente del Banco Interamericano de Desarrollo (BID), Ilan Goldfajn. Asimismo, participará en los paneles de discusión sobre las Perspectivas económicas globales y desafíos actuales; las Cuestiones del sector financiero e inclusión financiera; y la Cooperación fiscal internacional. En este marco, el Ministro también analizará junto a los representantes del G20 las cuestiones vinculadas a la Liberación de la financiación para alcanzar objetivos climáticos y sostenibles y será el orador principal en el panel Financiamiento del desarrollo: vínculos entre deuda, flujos de capital y Reforma de los Bancos Multilaterales de Desarrollo.  Conocé todas las opciones del contenido que podés recibir en tu correo. Noticias, cultura, ciencia, economía, diversidad, lifestyle y mucho más, con la calidad de información del Grupo Octubre, el motor cultural de América Latina. Este es un contenido original realizado por nuestra redacción. Sabemos que valorás la información rigurosa, con una mirada que va más allá de los datos y del bombardeo cotidiano. Hace 37 añosPágina|12asumió un compromiso con el periodismo, lo sostiene y cuenta con vos para renovarlo cada día.",Desconocido,2024-07-24T11:24:44-03:00,https://www.pagina12.com.ar/754382-luis-caputo-en-la-rural-le-pedimos-al-campo-que-confie,2.927985668182373,0.1982142857142857,0.8017857142857143,economia
Robo postmortem,"EN VIVO Un hombre de 54 años sufrió un infarto en el hall de un edificio de Mar del Plata este domingo. Otra persona más joven lo encontró, pero en vez de asistirlo, le abrió el bolso y le robó las pertenencias que tenía, según muestran las cámaras de seguridad. La víctima era oriunda del barrio porteño de Vélez Sarsfield y tenía antecedentes cardíacos. Al descompensarse en el ingreso del edificio, murió. Al llegar el personal médico realizó maniobras de reanimación cardiopulmonar (RCP) pero constaron que el hombre había fallecido. Las autoridades policiales intentan dar con el paradero del ladrón, quien se encuentra prófugo de la Justicia al huir luego del robo, antes de que llegara la ambulancia del SAME al edificio ubicado en la calle Boulevard Marítimo Patricio Peralta Ramos al 1900. Conocé todas las opciones del contenido que podés recibir en tu correo. Noticias, cultura, ciencia, economía, diversidad, lifestyle y mucho más, con la calidad de información del Grupo Octubre, el motor cultural de América Latina. Este es un contenido original realizado por nuestra redacción. Sabemos que valorás la información rigurosa, con una mirada que va más allá de los datos y del bombardeo cotidiano. Hace 37 añosPágina|12asumió un compromiso con el periodismo, lo sostiene y cuenta con vos para renovarlo cada día.",Desconocido,2025-01-29T11:56:55-03:00,https://www.pagina12.com.ar/800146-robo-postmortem,3.3946495056152344,0.20227272727272727,0.7977272727272727,sociedad
"Dólar blue hoy, dólar hoy: a cuánto cotizan el jueves 16 de mayo","EN VIVO El valor del dólar oficial hoy es de $869,87  para la compra y $927,80 para la venta, mientras que la cotización deldólar blue, $1070,00 y $1100,00, respectivamente. Con estos números la variación sitúa la brecha entre el dólar oficial y el dólar blue a 23.01%. En comparación con la anterior jornada hábil, donde el blue cotizaba a $1070,00 para la compra y $1100,00 para la venta. La divisa estadounidense en el mercado informal presenta un valor de $1070,00 para la compra y $1100,00 para la venta, mientras que el dólar oficial cotiza a $869,87 y $927,80 pesos, respectivamente. Esta situación acarrea una brecha cambiaria del 23.01% entre ambos mercados. El dólar informal presenta un valor de compra de $1070,00 y de venta de $1100,00, mientras que el dólar oficial se ubica en $869,87 para la compra y $927,80 para la venta, respectivamente. Esta situación genera una brecha cambiaria del 23.01% entre ambos mercados. La divisa estadounidense en el mercado informal registra un valor de compra de $1070,00 y de venta de $1100,00, mientras que el dólar oficial cotiza a $869,87 para la compra y a $927,80 para la venta. Esta situación genera una brecha cambiaria del 23.01% entre el mercado oficial y el paralelo. La divisa estadounidense en el mercado informal presenta una cotización de $1070,00 para la compra y $1100,00 para la venta, mientras que el dólar oficial cotiza a $869,96 para la compra y $927,66 para la venta, respectivamente. Esta condición acarrea una brecha cambiaria del 22.99% entre ambos mercados. El dólar paralelo registra una cotización de compra de $1070,00 y de venta de $1100,00, mientras que el dólar oficial se ubica en $869,96 para la compra y $927,66 para la venta. Esta situación genera una brecha cambiaria del 22.99% entre ambos mercados. El dólar paralelo registra una cotización de compra de $1070,00 y de venta de $1100,00, mientras que el dólar oficial se cotiza a $869,96 para la compra y $927,66 para la venta. Esta situación genera una brecha cambiaria del 22.99% entre ambos mercados. ElFondo Monetario Internacional (FMI)consideró quelas políticas de ajuste que aplica el presidente Javier Milei “son importantes y van en la dirección correcta”respecto de lo que dicta ese organismo multilateral y le dioun espaldarazo a la mentada competencia de monedas. No obstante, reconoció queel Gobierno  todavía tiene un ""camino difícil""por el cual deberá encarrilar sus medidas económicas.Quien transmitió el espaldarazo y más condiciones del FMI fue la portavoz del organismo,Julie Kozack, durante una conferencia en la quedejó claro que ese apoyo aún no se traducirá en un desembolso del acuerdo aprobado el lunes. El Fondo Monetario da el visto bueno a las políticas de Milei, pero todavía no abre la billetera La divisa estadounidense en el mercado informal presenta un valor de compra de $1065,00 y de venta de $1095,00, mientras que el dólar oficial se ubica en $869,96 para la compra y $927,66 para la venta, respectivamente. Esta condición acarrea una brecha cambiaria del 22.42% entre ambos mercados. La divisa estadounidense en el mercado informal registra un valor de compra de $1065,00 y de venta de $1095,00, mientras que el dólar oficial se ubica en $869,96 para la compra y $927,66 para la venta, respectivamente. Esta situación acarrea una brecha cambiaria del 22.42% entre ambos mercados. La divisa estadounidense en el mercado informal registra una cotización de $1060,00 para la compra y $1090,00 para la venta, mientras que el dólar oficial se ubica en $868,82 y $926,22 pesos, respectivamente. Esta situación acarrea una brecha cambiaria del 22.00% entre el mercado oficial y el paralelo. Conocé todas las opciones del contenido que podés recibir en tu correo. Noticias, cultura, ciencia, economía, diversidad, lifestyle y mucho más, con la calidad de información del Grupo Octubre, el motor cultural de América Latina. Este es un contenido original realizado por nuestra redacción. Sabemos que valorás la información rigurosa, con una mirada que va más allá de los datos y del bombardeo cotidiano. Hace 37 añosPágina|12asumió un compromiso con el periodismo, lo sostiene y cuenta con vos para renovarlo cada día.",Desconocido,2024-05-24T10:29:47-03:00,https://www.pagina12.com.ar/737159-dolar-blue-hoy-dolar-hoy-a-cuanto-cotizan-el-jueves-16-de-ma,2.0274460315704346,0.2046176046176046,0.7953823953823954,economia
Baldosa por la Memoria en Parque Chacabuco,"EN VIVO Organizaciones civiles y de derechos humanos convocan a participar en la colocación de una baldosa por la memoria en homenaje a Alejandro Almeida, desaparecido durante la dictadura cívico militar. Almeida tenía 20 años al momento de ser secuestrado, detenido y desaparecido el 17 de junio de 1975. Trabajó en el Estado, en el archivo técnico del Instituto Geográfico Militar en 1974, además de estudiar la carrera de Medicina en la Universidad de Buenos Aires.  La iniciativa de las Baldosas por la Memoria apunta a sostener los principios de Memoria, Verdad y Justicia, marcando los lugares en los que vivieron o trabajaron las víctimas del exterminio que desplegó el último gobierno militar. La cita es a las 17 en la calle Dávila 970 en el barrio porteño de Parque Chacabuco.  Conocé todas las opciones del contenido que podés recibir en tu correo. Noticias, cultura, ciencia, economía, diversidad, lifestyle y mucho más, con la calidad de información del Grupo Octubre, el motor cultural de América Latina. Este es un contenido original realizado por nuestra redacción. Sabemos que valorás la información rigurosa, con una mirada que va más allá de los datos y del bombardeo cotidiano. Hace 37 añosPágina|12asumió un compromiso con el periodismo, lo sostiene y cuenta con vos para renovarlo cada día.",Desconocido,2025-02-16T23:30:54-03:00,https://www.pagina12.com.ar/804502-baldosa-por-la-memoria-en-parque-chacabuco,4.414162635803223,0.20512820512820515,0.7948717948717948,el-pais
"El abate Prévost, el cura con el mismo apellido que el flamante Papa","EN VIVO Robert Prevost, el flamante papa León XIV,es la segunda persona con ese apellido que hace carrera en la Iglesia Católica. El antecedente no llegó a Sumo Pontífice, pero destacó como escritor en el siglo XVIII:el abate Antoine François Prévost d'Exiles, de la orden de los benedictinos. El abate Prévost nació en la ciudad francesa de Hesdinen 1697. Estudiaba para sacerdote con los jesuitas cuando se enroló en el ejército a los 14 años. Dejó las armas para ingresar a la orden de los benedictinos y volvió a la carrera militar para después pasar varios años en distintos monasterios de Normandía. En ese período escribióMemorias y aventuras de un hombre de calidad retirado del mundo,cuya publicación fue autorizada por sus superiores en 1728. Después de esto, abandonó Francia y se instaló en Londres, donde aprendió inglés. Tras unaffairecon la aventurera Helena Eckhardt, publicó en UtrechtEl Filósofo inglés, o historia de Monsieur Cleveland, hijo natural de Cromwell, escrita por él mismo y traducida del inglés por el autor de las Memorias de un hombre de calidad.Para entonces añadió el ""d’Exiles"" a su apellido, para dar cuenta de su condición de exiliado. A continuación llegó un nuevo volumen deMemorias y aventuras de un hombre de calidad, que incluye ""Historia del caballero des Grieux y de Manon Lescaut"", texto por el cual fue condenado a la hoguera en Francia.En el siglo XIX, ese relato daría lugar a las óperasManonyManon Lescautde Jules Massenet y Giacomo Puccini, respectivamente. Para 1733 volvió a Londres, lleno de deudas, yfundó un diario literario,Le Pour et contre. Poco más tarde regresó a la vida del monasterio con los benedictinos y completó su obraFilósofo inglés. Continuó con la vida literaria y también realizó traducciones.El 25 de noviembre de 1763 sucumbió a una apoplejía en Chantillytras visitar a unos clérigos benedictinos. Más de tres siglos después de su muerte, el apellido, sin tilde, llega a lo más alto de la Iglesia. Conocé todas las opciones del contenido que podés recibir en tu correo. Noticias, cultura, ciencia, economía, diversidad, lifestyle y mucho más, con la calidad de información del Grupo Octubre, el motor cultural de América Latina. Este es un contenido original realizado por nuestra redacción. Sabemos que valorás la información rigurosa, con una mirada que va más allá de los datos y del bombardeo cotidiano. Hace 37 añosPágina|12asumió un compromiso con el periodismo, lo sostiene y cuenta con vos para renovarlo cada día.",Desconocido,2025-05-08T21:41:45-03:00,https://www.pagina12.com.ar/824251-el-abate-prevost-el-cura-con-el-mismo-apellido-que-el-flaman,3.8908138275146484,0.20538961038961037,0.7946103896103897,el-mundo
Caravana por Palestina,"EN VIVO El pasado viernes 16, el Comité Argentino de Solidaridad con el Pueblo Palestino, con el apoyo de organizaciones sociales, culturales, de DDHH y referentes políticos, convocó a una caravana en solidaridad con el pueblo palestino frente a un conflicto que sigue cobrándose vidas inocentes. Marchas en apoyo del pueblo palestino se replicaron por todo el mundo entre el viernes y el sábado bajo el slogan “Día de acción global por Palestina”. Se vieron marchas multitudinarias en Londres, Munich, Ciudad de México, Guadalajara, Dublín, Madrid, Berlín, Sydney, Estambul y Seúl, entre otras. Coincidentemente, los líderes africanos reunidos el sábado 17 en Addis Abeba, Etiopía, en la cumbre anual de la Unión Africana (AU), condenaron la ofensiva israelí en Gaza y pidieron el cese de hostilidades. La caravana en Buenos Aires, que fue desde el Congreso Nacional hasta el Obelisco, culminó con la lectura de un documento en el que se denunciaron las acciones del ejército israelí y el apoyo del presidente Milei al cambio de la Embajada Argentina a Jerusalén.  Conocé todas las opciones del contenido que podés recibir en tu correo. Noticias, cultura, ciencia, economía, diversidad, lifestyle y mucho más, con la calidad de información del Grupo Octubre, el motor cultural de América Latina. Este es un contenido original realizado por nuestra redacción. Sabemos que valorás la información rigurosa, con una mirada que va más allá de los datos y del bombardeo cotidiano. Hace 37 añosPágina|12asumió un compromiso con el periodismo, lo sostiene y cuenta con vos para renovarlo cada día.",Nicolás Parodi,2024-02-18T14:36:28-03:00,https://www.pagina12.com.ar/713631-caravana-por-palestina,4.305187225341797,0.20555555555555557,0.7944444444444444,negrx
Los números del ingreso y egreso de dólares,"EN VIVO En junio, el balance cambiario elaborao por el Banco Central indica que los clientes de las entidades compraron 262 millones de dólares en el mercado de cambios y las entidades vendieron 126 millones. Por su parte, el BCRA concretó ventas netas por 85 millones y efectuó pagos netos a través del Sistema de Pagos de Moneda Local por 52 millones de dólares. Adicionalmente, el Tesoro Nacional realizó compras directas al BCRA por 212 millones de dólares. El Sector Privado no Financiero fue vendedor neto de moneda extranjera por 25 millones en el mercado de cambios. Dentro de ese grupo, el sector “Oleaginosas y Cereales” fue el principal sector oferente de moneda extranjera, registrando ingresos netos por 1601 millones de dólares, en gran parte explicado por su resultado en el rubro “Bienes”. El sector “Inversores institucionales y otros”, tanto residentes como no residentes, realizó compras netas por 70 millones. Por su parte, el sector “Sector Real excluyendo Oleaginosas y cereales” registró egresos netos por 1234 millones, mientras que las “Personas humanas” registraron egresos netos por 411 millones, principalmente para gastos por viajes, pasajes y otros consumos efectuados con tarjetas con proveedores no residentes, con un resultado neto comprador de 431 millones. En lo que fue el balance cambiario de junio, la cuenta corriente cambiaria registró un déficit de 223 millones en junio, explicado por egresos netos en las cuentas “Ingreso Primario”, “Servicios” e “Ingreso Secundario” por 533 millones, 368 millones y 117 millones de dólares, respectivamente, parcialmente compensados por el superávit de la cuenta “Bienes” por 795 millones. Conocé todas las opciones del contenido que podés recibir en tu correo. Noticias, cultura, ciencia, economía, diversidad, lifestyle y mucho más, con la calidad de información del Grupo Octubre, el motor cultural de América Latina. Este es un contenido original realizado por nuestra redacción. Sabemos que valorás la información rigurosa, con una mirada que va más allá de los datos y del bombardeo cotidiano. Hace 37 añosPágina|12asumió un compromiso con el periodismo, lo sostiene y cuenta con vos para renovarlo cada día.",Desconocido,2024-07-27T00:01:00-03:00,https://www.pagina12.com.ar/755281-los-numeros-del-ingreso-y-egreso-de-dolares,2.1998934745788574,0.20650793650793647,0.7934920634920635,economia
Asesinato en Recoleta,"EN VIVO Una joven de 28 años fue asesinadaen su casa ubicada en el barrio porteño de Recoleta y sospechan de una empleada doméstica y de un hombre. El hecho ocurrió el viernes por la tardeen un edificio de la calle Sánchez de Bustamante al 1200, donde luego de un llamado al 911, la Policía se trasladó al lugar y encontró a la víctima maniatada con una bolsa en la cabeza. El departamento estaba revuelto y habrían faltado varios objetos. La víctima fue identificada comoMagalí Jael Levy. Residía en el departamento junto con su marido. Asimismo, se constató que horas antes del crimenhabía ingresado al lugar una mujerque vestía como empleada doméstica. Más tarde,un hombre también entró por la puerta del edificioy se dirigió al departamento. Ambos quedaron registrados por las cámaras de seguridad retirándose del lugar. El ministro de Seguridad porteño, Horacio Giménez, tomó conocimiento del episodio y trabaja junto al equipo de investigación para dar con los sospechosos. El fiscal Edgardo Orfila, titular de la Fiscalía Nacional en lo Criminal y Correccional Nº 50,caratuló el expediente como homicidio. Por su parte, Eliahu Hamra, rabino de AMIA, habló sobre el hecho y reclamó""el inmediato esclarecimiento y el castigo a los responsables de esta atrocidad"". La víctima pertenecía a la colectividad judía. Conocé todas las opciones del contenido que podés recibir en tu correo. Noticias, cultura, ciencia, economía, diversidad, lifestyle y mucho más, con la calidad de información del Grupo Octubre, el motor cultural de América Latina. Este es un contenido original realizado por nuestra redacción. Sabemos que valorás la información rigurosa, con una mirada que va más allá de los datos y del bombardeo cotidiano. Hace 37 añosPágina|12asumió un compromiso con el periodismo, lo sostiene y cuenta con vos para renovarlo cada día.",Desconocido,2025-03-08T11:57:39-03:00,https://www.pagina12.com.ar/809275-asesinato-en-recoleta,3.328479766845703,0.20833333333333334,0.7916666666666666,sociedad
Arca lanzó un plan de facilidades para regularizar deudas del Impuesto a las Ganancias,"EN VIVO La Agencia de Recaudación y Control Aduanero (Arca) implementó unnuevo régimen de facilidades de pagopara regularizar deudas vinculadas alImpuesto a las Ganancias. La medida, oficializada este miércoles, busca ordenar las inconsistencias generadas por el cómputo incorrecto de quebrantos impositivos.   El plan permite regularizar deudas originadas por haber computado quebrantos de ejercicios anteriores actualizados por inflación, algo que laLey de Impuesto a las Gananciasno permite desde 1992. También abarca deudas por computar quebrantos a valores históricos en balances cerrados entre diciembre de 2024 y noviembre de 2025. Pueden acceder al plan de facilidades de pago los contribuyentes que tengan deudas fiscales originadas por estas diferencias en el cálculo de quebrantos. Las condiciones para solicitar el beneficio son: La adhesión podrá realizarsehasta el 31 de julio de 2025. Para ejercicios comerciales cerrados entre diciembre de 2024 y noviembre de 2025, el plazo es hasta el mes siguiente al vencimiento de la declaración jurada.El plan no contempla quitas ni sobre el capital adeudado ni sobre intereses o multas.   Conocé todas las opciones del contenido que podés recibir en tu correo. Noticias, cultura, ciencia, economía, diversidad, lifestyle y mucho más, con la calidad de información del Grupo Octubre, el motor cultural de América Latina. Este es un contenido original realizado por nuestra redacción. Sabemos que valorás la información rigurosa, con una mirada que va más allá de los datos y del bombardeo cotidiano. Hace 37 añosPágina|12asumió un compromiso con el periodismo, lo sostiene y cuenta con vos para renovarlo cada día.",Desconocido,2025-05-07T15:29:49-03:00,https://www.pagina12.com.ar/823757-arca-lanzo-un-plan-de-facilidades-para-regularizar-deudas-de,2.9918155670166016,0.20897435897435898,0.791025641025641,economia
"""Basta de criminalizar la protesta social y a los que defienden los derechos""","EN VIVO LaMesa de Organismos de Derechos Humanosemitió un comunicado donde repudia ""la represión sufrida por las y los jubilados en su legítima lucha por sus derechos ,así como el procesamiento del militante social e integrante de la Agrupación Flores Solidario, Roberto Asorey"". La mesa sostuvo que ""frente a estos hechos, denunciamos la criminalización de la protesta social y la persecución a quienes defienden los derechos de los sectores más vulnerados. Destacamos el compromiso incansable de Flores Solidario, una organización que, junto a otras, trabaja día a día por la justicia social y la dignidad de los jubilados y las jubiladas"". En ese sentido, los organismos de derechos humanos convocan ""a seguir acompañando a las y los adultos mayores en sus reclamos reafirmando nuestro compromiso con la justicia social y la plena vigencia de los derechos humanos"". Firman la declaración Madres de Plaza de Mayo Línea Fundadora; Familiares y Compañeros de los 12 de la Santa Cruz; Asamblea Permanente por los Derechos Humanos; Movimiento Ecuménico por los Derechos Humanos; Fundación Memoria Histórica y Social; Argentina                                                                                                                                                                       Liga Argentina por los Derechos Humanos; Asamblea Permanente por los Derechos Humanos; La Matanza                                                                                                                                                  Comisión Memoria Verdad y Justicia Zona Norte; Asociación Buena Memoria; H.I.J.O.S. Capital; Familiares de Detenidos y Desaparecidos por Razones Políticas. Conocé todas las opciones del contenido que podés recibir en tu correo. Noticias, cultura, ciencia, economía, diversidad, lifestyle y mucho más, con la calidad de información del Grupo Octubre, el motor cultural de América Latina. Este es un contenido original realizado por nuestra redacción. Sabemos que valorás la información rigurosa, con una mirada que va más allá de los datos y del bombardeo cotidiano. Hace 37 añosPágina|12asumió un compromiso con el periodismo, lo sostiene y cuenta con vos para renovarlo cada día.",Desconocido,2025-05-08T22:41:30-03:00,https://www.pagina12.com.ar/824276-basta-de-criminalizar-la-protesta-social-y-a-los-que-defiend,3.481157064437866,0.21000000000000005,0.7899999999999999,el-pais
