titulo,contenido,autor,fecha,url
Inflación de abril 2025: a qué hora publica hoy el dato el Indec,"EN VIVO Estemiércoles 14 de mayo,a las16 hs, el  Instituto Nacional de Estadísticas y Censos (INDEC) difundirá lainflación de abril de 2025,que  -según analistas- experimentaría unadesaceleracióncon respecto al mes anterior y se ubicaría en torno al 3%.   Se trata delprimer indicador de preciostras la salida delcepo cambiarioy la implementación del nuevo esquema de bandas para el dólar y se espera que el dato se encuentre por debajo del 3,7% que fue la inflación de marzo. El último relevamiento de expectativas de mercado (REM) que realiza el Banco Central proyectó que elIPC de abril se ubicaría en 3,2%, mientras que algunas consultoras señalaron que rondaríaentre el 2,6% y el 3,3%. Desde la consultora Libertad y Progreso indicaron que el IPC se desaceleró con respecto a marzo y, según sus estimaciones, cerró a 3,1%, mientras que Equilibra proyectó que el IPC de abril será del 3,3%, impulsado por la suba de bebidas alcohólicas y tabaco (4,7%), prendas de vestir (4,1%) y alimentos (3,8%). En laCiudad de Buenos Aires,la inflación deabrilfue del2,3%, lo que implica una caída de0,9 puntos porcentuales contra marzo(cuando fue de 3,2%).Estadesaceleraciónen los precios ocurrió en elmismo mes en que se  flexibilizaron los controles cambiarios y se liberó el precio del dólarcomercial. Según la Dirección de Estadísticas y Censos porteña, el primer cuatrimestre acumuló un alza del 11,1 por ciento, mientras que la comparación interanual arrojó un aumento de 52,4 por ciento. La cifra de la inflación porteña, con una mayor ponderación en los servicios y variaciones oscilantes respecto de la medida por el Indec a nivel nacional, resultó celebrada por el equipo económico. Son las primeras mediciones de las variaciones de precios tras el cambio del esquema cambiario, a partir del cual muchos proyectaban una inflación en ascenso al menos para abril y mayo. Según el informe de la Dirección de Estadísticas y Censos porteña, la suba de precios de abril estuvo impulsada por los rubros de vivienda, indumentaria y transporte. Los alimentos que habían marcado un incremento del 4,7 por ciento en marzo, en abril subieron 2,2 por ciento. Al interior de la división, los principales impulsos provinieron de Carnes y derivados (5,0 por ciento) y Leche, productos lácteos y huevos (3,8 por ciento). En sentido contrario, las caídas en verduras, tubérculos y legumbres (-4,6 por ciento) y Frutas (-3,2 por ciento), contribuyeron a quitar presión al índice sectorial. Por su parte, los gastos en alquiler y tarifas subieron 2,4 por ciento, producto de las actualizaciones en los valores de los alquileres y de los gastos comunes por la vivienda. En menor medida, se destacaron las alzas en los precios de los servicios de reparación. En tanto, indumentaria mostró un incremento de 3,2 por ciento atribuible a los cambios de temporada. El transporte avanzó 2,6 por ciento por subas en los valores de los estacionamientos, pasajes aéreos y de combustibles y lubricantes para vehículos. En salud hubo un alza de 2,4 por ciento por los aumentos en medicamentos y cuotas de prepagas. Mientras que la categoría educación, tras el aumento de marzo que lideró la suba de ese mes con un 14,3 por ciento, se desaceleró en abril en un 1,3 por ciento.  Seguí leyendo: Conocé todas las opciones del contenido que podés recibir en tu correo. Noticias, cultura, ciencia, economía, diversidad, lifestyle y mucho más, con la calidad de información del Grupo Octubre, el motor cultural de América Latina. Este es un contenido original realizado por nuestra redacción. Sabemos que valorás la información rigurosa, con una mirada que va más allá de los datos y del bombardeo cotidiano. Hace 37 añosPágina|12asumió un compromiso con el periodismo, lo sostiene y cuenta con vos para renovarlo cada día.",Desconocido,2025-05-14T09:35:10-03:00,https://www.pagina12.com.ar/825566-inflacion-de-abril-2025-a-que-hora-publica-hoy-el-dato-el-in
"Dólar blue, dólar hoy: a cuánto cotizan el miércoles 14 de mayo de 2025","EN VIVO Seguí en vivo las cotizaciones de todos los tipos de dólar para este miércoles.   Por Leandro Renou A horas de que se conozca la inflación del mes de abril, que el Gobierno de Javier Milei espera sea menor a la de marzo, la Casa Rosada empezó a calentar el ambiente con una idea polémica: según supoPágina I12, dos altísimos funcionarios se pusieron, por la tarde de este martes, a delinar una lista de economistas y analistas que, según ellos, fallaron en su pronóstico de inflación. Fuentes que conocen bien al Presidenmte afirmaron que ""también hubo manos de Hacienda"" en la idea.  Por Bernarda Tinetti En marzo, los salarios subieron solo 3 por ciento en promedio con respecto a febrero, de acuerdo con los datos publicados este martes por el Indec, mientras la inflación del mismo mes fue del 3,7 por ciento.  Por Javier Lewkowicz Este año se encamina a registrar elrécord de importaciones de la última décaday a profundizar el liderazgo de China en esa materia: uno de cada cuatro dólares que el país utiliza para adquirir bienes del exteriortienen como destino a la potencia asiática, por arriba del peso que había mostrado ese origen el año pasado.  El dólar abrió a $1100 para la compra y $1150 para la venta. El dólar mayorista bajó este martes 0,6 por ciento y terminó en 1125 pesos. Al mismo tiempo, se registró una baja del dólar blue a 1160 pesos y los dólares financieros, como el mep, cerraron en 1140 pesos. El presidente Milei participó del congreso anual del IAEF y criticó a los economistas que plantean que el dólar está atrasado. El dólar oficial cotiza a $1100 para la compra y $1150 para la venta. El dólar blue está a $1140 para la compra y a $1160 para la venta. Conocé todas las opciones del contenido que podés recibir en tu correo. Noticias, cultura, ciencia, economía, diversidad, lifestyle y mucho más, con la calidad de información del Grupo Octubre, el motor cultural de América Latina. Este es un contenido original realizado por nuestra redacción. Sabemos que valorás la información rigurosa, con una mirada que va más allá de los datos y del bombardeo cotidiano. Hace 37 añosPágina|12asumió un compromiso con el periodismo, lo sostiene y cuenta con vos para renovarlo cada día.",Desconocido,2025-05-14T12:24:48-03:00,https://www.pagina12.com.ar/825550-dolar-blue-dolar-hoy-a-cuanto-cotizan-el-miercoles-14-de-may
Día de júbilo oficial en la city,"EN VIVO El dólar mayorista bajó este martes 0,6 por ciento y terminó en 1125 pesos. Al mismo tiempo, se registró una baja del dólar blue a 1160 pesos y los dólares financieros, como el mep, cerraron en 1140 pesos. El presidente Milei participó del congreso anual del IAEF y criticó a los economistas que plantean que el dólar está atrasado.""Siguen hablando de atraso cambiario peso el tipo de cambio es libre"", dijo, para asegurar que ""los enemigos del Gobierno están todo el tiempo pidiendo devaluación"". Por su parte, planteó que ""pasado un año y medio cumplimos todas las promesas de campaña"".En tanto, no dudó en afirmar que ""somos el mejor gobierno de la historia. Eso es gracias a los gigantes que tengo como Ministros"". Aseguró que por el rezago de la contención de la base monetaria, en un año el aumento de precios va a dejar de ser un problema: ""Para mitad del año que viene no va a haber más inflación"". En el evento también expuso el vicepresidente del Banco Central, Vladimir Werning. Explicó que la autoridad monetaria del país no compra dólares si el tipo de cambio no se encuentra en el piso de la banda de flotación. Según mencionó, ""la decisión busca ""afianzar la credibilidad de los valores que definen las bandas cambiarias."" Agregó que ""hasta el momento el tipo de cambio operó dentro de la banda con sesgo hacia la parte inferior, lejos de estimaciones pesimistas"". El funcionario también planteó que ""el Banco Central continuará promoviendo mejoras en la trayectoria y convenciones de mercado para incentivar mayor predecibilidad y eficiencia en las aplicaciones de distintos ámbitos de la economía financiera"".En el mercado, mientras tanto, volvió a registrarse unboomen el precio de los activos bursátiles. Las acciones que cotizan en Nueva York extendieron surallyalcista este martes y anotaron ascensos de hasta 5,4 por ciento, para acumular en lo que va de mayo subas de hasta 22 por ciento. Tuvo lugar en medio del buen clima global tras la pausa arancelaria entre China y EEUU el fin de semana, a lo que se sumó en la jornada el buen dato de inflación en EEUU. Por su parte, los bonos en dólares cerraron en terreno negativo, pero el riesgo país se mantuvo debajo de los 700 puntos básicos, con inversores expectantes por el dato del IPC de abril, que dará a conocer este miércoles el Indec, en una jornada en la que también se llevará a cabo una nueva licitación de deuda pública en pesos. En detalle, las acciones argentinas que más subieron en Wall Street fueron Edenor (+5,4 por cieno), Central Puerto (+4,1 por ciento), Corporación América (+3,3 por ciento), y Pampa Energía (+3,2 por ciento). De esta manera, hay acciones que acumulan en lo que va de mayo ascensos superiores al 20 por ciento, como Central Puerto (+22,1 por ciento), e YPF (+20,5 por ciento). En el plano local, por su parte, el S&P Merval avanzó un 2,5 por ciento a 2.285.483,30 puntos. Medido en dólares, el panel líder subió 1,8 por ciento a 1.964 puntos, un nuevo máximo desde fines de febrero. Así, acumuló seis jornadas positivas en fila y una ganancia de 35 por ciento en moneda dura desde el piso de 1455, registrado el 8 abril pasado, o sea en apenas cinco semanas. De esta manera, las subas más salientes del día las registraron Comercial del Plata (+11,5 por ciento), Banco de Valores (+9,1 por ciento), y Transener (+8,1 por ciento). El Merval acumuló, entre lunes y martes, un avance de 8,1 por ciento. En el segmento de renta fija, los bonos en dólares anotaron mayoría de bajas, encabezadas por el Bonar 2029 (-0,9 por ciento) y el Global 2029 (-0,8 por ciento), mientras que en el otro extremo se ubicaron el Bonar 2038 (+0,6 porciento) y el Global 2046 (+0,5 por ciento). En ese marco, el riesgo país medido por el JP Morgan cerró en torno a 678 puntos básicos, cuarta jornada por debajo de los 700 puntos. Conocé todas las opciones del contenido que podés recibir en tu correo. Noticias, cultura, ciencia, economía, diversidad, lifestyle y mucho más, con la calidad de información del Grupo Octubre, el motor cultural de América Latina. Este es un contenido original realizado por nuestra redacción. Sabemos que valorás la información rigurosa, con una mirada que va más allá de los datos y del bombardeo cotidiano. Hace 37 añosPágina|12asumió un compromiso con el periodismo, lo sostiene y cuenta con vos para renovarlo cada día.",Desconocido,2025-05-14T00:01:00-03:00,https://www.pagina12.com.ar/825463-dia-de-jubilo-oficial-en-la-city
Los argentinos pagan la nafta más cara que en Estados Unidos,"EN VIVO El modelo económico de Javier Milei, centrado en potenciar las exportaciones y tener al mercado interno más caro del mundo en dólares, afecta directamente al bolsillo de los consumidores. No sólo los alimentos son los más onerosos comparados contra países caros, sino que la liberalización del mercado de los combustibles puso a la nafta argentina mucho más cara que en los Estados Unidos y bastante por encima de los precios del año 2023, el previo a la asunción de los libertarios. Un trabajo del Instituto Argentina Grande al que accedióPágina I12muestra que, aún contabilizando la baja reciente del 4 por ciento en el litro y el desplome del precio internacional del crudo, el combustible tuvo un aumento del 6 por ciento en dólares. De este modo, los economistas de los equipos técnicos nucleados por el ministro de Infraestructura bonaerense, Gabriel Katopodis, concluyeron que con Argentina transformado en un exportador neto de petróleo, ""los argentinos están pagando el tanque de nafta 13 dólares más que en 2023 y 10 dólares más que los estadounidenses ahora"". El informe puntualiza que ""desde mayo de 2024 hasta la fecha, se observa una caída del 26,6 por ciento en el precio del litro de petróleo (OPEP). En EE.UU., se comprueba una relación entre el precio de la nafta (promedio) y el del petróleo. En el último año se dio una baja del 12,6% en el litro de nafta, en sintonía con el precio del crudo"". Pero en Argentina pasó lo contrario: ""incluso tras la baja del 4 por ciento anunciada por el gobierno, se dio el proceso contrario y el litro de nafta en ese período se encareció un 6 por ciento en USD"", informaron. El trabajo del IAG también publicó, en el informe, datos vinculados al impacto de la recesión en los niveles de consumo masivo, muestra dos velocidades. Precisan que ""el indicador de consumo IAG (que contempla las dos canastas construidas: la de bienes de consumo durable y no durables) cayó 6,9 por ciento si se compara febrero de 2025 contra el promedio de 2023"". Y agregan que ""el consumo de bienes de consumo no durable (distintos productos alimenticios, medicamentos) creció 3 por ciento interanual contra febrero 2024, pero cayó -2,3 por ciento contra febrero 2023"". Así, destacan que ""en base a nuestro indicador, entonces, el consumo de bienes durables creció 46 por ciento interanual contra febrero de 2024 y 36 por ciento interanual contra febrero 2023"". En cuanto al detalle de la caída del consumo, el trabajo asegura que la baja general del gobierno de Milei versus 2023 fue del 4,4 por ciento. ""La caída se explica por la merma del consumo de bienes no durables y de primera necesidad (alimentos y medicamentos): la caída de la canasta de bienes de consumo no durables (medida por IAG) cayó 8,2% durante la gestión de Milei contra el 2023"", aseguraron. Y agregaron que ""la caída del consumo de bienes básicos no es sorprendente: las actividades que se recuperan no “derraman” porque son las que menos gente emplean. Es el caso de la construcción: la actividad cayó 49% durante la gestión de Milei contra el nivel de 2023"". En paralelo a esto, el tema sueldos es un inconveniente central para la recuperación del gasto de los hogares. La consultora explica que ""mientras que el salario en pesos (de los trabajadores con mejores condiciones, privados registrados) recién está a valores cercanos a los de 2023, el salario en dólares -producto de la política de apreciación cambiaria- “vuela”"". De este modo, ""quienes pueden ahorrar (aún cuando puedan separar un porcentaje más bajo de su sueldo) pueden ahorrar más dólares y acceder más ágilmente a autos, electrónicos y viviendas que suelen estar cotizados en dólares. Mientras tanto, los que no pueden pasar a dólares como ahorro una porción de sus sueldos, luchan mes a mes para cubrir los bienes básicos (alimentos, medicamentos) porque el salario en pesos no muestra ese crecimiento"".  Conocé todas las opciones del contenido que podés recibir en tu correo. Noticias, cultura, ciencia, economía, diversidad, lifestyle y mucho más, con la calidad de información del Grupo Octubre, el motor cultural de América Latina. Este es un contenido original realizado por nuestra redacción. Sabemos que valorás la información rigurosa, con una mirada que va más allá de los datos y del bombardeo cotidiano. Hace 37 añosPágina|12asumió un compromiso con el periodismo, lo sostiene y cuenta con vos para renovarlo cada día.",Leandro Renou,2025-05-14T00:01:00-03:00,https://www.pagina12.com.ar/825394-los-argentinos-pagan-la-nafta-mas-cara-que-en-estados-unidos
"Las listas de ""pifiadores"" del IPC","EN VIVO A horas de que se conozca la inflación del mes de abril, que el Gobierno de Javier Milei espera sea menor a la de marzo, la Casa Rosada empezó a calentar el ambiente con una idea polémica: según supoPágina I12, dos altísimos funcionarios se pusieron, por la tarde de este martes, a delinar una lista de economistas y analistas que, según ellos, fallaron en su pronóstico de inflación. Fuentes que conocen bien al Presidenmte afirmaron que ""también hubo manos de Hacienda"" en la idea. Es que, como avisó el propio Milei en su aparición reciente en el streaming libertario Carajo, el Gobierno busca dejar en evidencia a aquellos que entienden que, con malicia, apostaron a que con la salida del cepo pedida por el Fondo Monetario (FMI) se dispararían los precios con fuerza producto de la devaluación que ocurrió. En realidad, las consultoras revisaron y recalcularon, pero Presidencia está en una dinámica de batalla constante. En los pasillos de Gobierno y en las oficinas del ministro Luis Caputo se escuchó hablar de que ""son los mismos de siempre, los mandriles"". Otro refirieron a los ""econochantas"" y ""pifiadores seriales"". Qué harán con ese listado de apuntados es la gran pregunta. Los que siguen la diaria enfocan que, a las 4 de la tarde del miércoles, cuando el INDEC publique la inflación, habrá una campaña para poner a los economistas ""en evidencia"" pero de modo ""inorgánico"". El Gobierno espera que la inflación del mes de abril esté por debajo del 3 por ciento y afirman que ""es un número para festejar"". De ser así, habrá una desaceleración desde el 3,7 por ciento de marzo, pero seguirá siendo un número muy elevado teniendo en cuenta el nivel de ajuste al que está sometido la economía y, en paralelo, la dinámica de congelamiento de variables que implementó Milei: la referencia es para el dólar quieto apalancado con una avalancha de deuda del FMI y, en paralelo, una intervención oficial directa a las discusiones paritarias, con el objetivo único de que mayores salarios no vayan a recalentar los precios. En este contexto, la sobre actuación oficial con consultores y periodistas que hablan de inflación tiene que ver con que ninguna de las estimaciones, salvo la de la consultora Orlando Ferreres, que dio 2,5 por ciento, mostró un número tan bajo. Es que, por razones naturales y justo antes de la salida del cepo, muchas de las firmas hablaron de un IPC de por lo menos 4 por ciento, que luego fueron corrigiendo a medida que veían dónde se situaba el tipo de cambio de equilibrio. Como la divisa no saltó, por ahora, hasta los 1400 pesos sino que se quedó en el medio de la banda de flotación, en los 1200 pesos, todas rehicieron calculos y pusieron el número con menor alza. Pero Milei y Caputo se quedaron con la primera foto y armaron una cacería de economistas que son críticos, como si se tratara de profesionales que atentan contra el Gobierno. Muchos de los que fueron puestos en las listas de ""econochantas"" son, de hecho, personajes que ideológicamente podrían ser considerados afines a la ideología política y económica del propio Milei. Conocé todas las opciones del contenido que podés recibir en tu correo. Noticias, cultura, ciencia, economía, diversidad, lifestyle y mucho más, con la calidad de información del Grupo Octubre, el motor cultural de América Latina. Este es un contenido original realizado por nuestra redacción. Sabemos que valorás la información rigurosa, con una mirada que va más allá de los datos y del bombardeo cotidiano. Hace 37 añosPágina|12asumió un compromiso con el periodismo, lo sostiene y cuenta con vos para renovarlo cada día.",Leandro Renou,2025-05-14T00:01:00-03:00,https://www.pagina12.com.ar/825413-las-listas-de-pifiadores-del-ipc
Parada y suspensiones,"EN VIVO La multinacional automotriz General Motors anunció suspensiones en su planta de General Alvear, ubicada en el entorno de Rosario, durante todos los viernes de mayo debido a la caída de las exportaciones hacia Brasil. De acuerdo al comunicado oficial de la firma, la retracción de la demanda de laTracker por parte del mercado vecino obligó a la compañía a frenar la actividad en turnos rotativos. La Tracker es el único modelo que actualmente fabrica en la Argentina. En los últimos cuatro meses, el mercado automotor brasileño cayó 5,48 por ciento, a 760.282 patentamientos de vehículos, de acuerdo con datos de Fenabrave, la cámara de las concesionarias de ese país. Los patentamientos de Tracker sumaron 17.914 unidades, 2,3 por ciento menos que en igual periodo del año pasado. La decisión reciente de la empresa se suma a las paradas técnicas previstas para los días 28 y 29 de este mes y a la interrupción productiva de todo junio, anticipada desde principio de año. En este contexto, la terminal ofreció 300 retiros voluntarios con el objetivo de reducir a la mitad su plantel de operarios. Las exportaciones representan la mitad de la producción de la industria automotriz argentina. En abril cayeron 6,8 por ciento.  Conocé todas las opciones del contenido que podés recibir en tu correo. Noticias, cultura, ciencia, economía, diversidad, lifestyle y mucho más, con la calidad de información del Grupo Octubre, el motor cultural de América Latina. Este es un contenido original realizado por nuestra redacción. Sabemos que valorás la información rigurosa, con una mirada que va más allá de los datos y del bombardeo cotidiano. Hace 37 añosPágina|12asumió un compromiso con el periodismo, lo sostiene y cuenta con vos para renovarlo cada día.",Desconocido,2025-05-14T00:01:00-03:00,https://www.pagina12.com.ar/825466-parada-y-suspensiones
Suba de biocombustibles,"EN VIVO La Secretaría de Energía aprobó este martes un incremento de hasta 5 por ciento en el precio de los biocombustibles destinados para la mezcla obligatoria por ley con las naftas y el gasoil, a través de las Resoluciones 195 y 196/2025 publicadas en el Boletín Oficial. La decisión le mete presión al precio de los fluidos que se comercializan en estaciones de servicio. Para mayo, el valor mínimo del biodiésel destinado a su mezcla obligatoria con gasoil quedó en 1.251.837 pesos por tonelada, y hasta la publicación de un nuevo precio que lo reemplace. Por su parte, el bioetanol a base de caña de azúcar trepó 2 por ciento y se fijó en 788,181 pesos y el elaborado con maíz quedó en 722,395 pesos. Conocé todas las opciones del contenido que podés recibir en tu correo. Noticias, cultura, ciencia, economía, diversidad, lifestyle y mucho más, con la calidad de información del Grupo Octubre, el motor cultural de América Latina. Este es un contenido original realizado por nuestra redacción. Sabemos que valorás la información rigurosa, con una mirada que va más allá de los datos y del bombardeo cotidiano. Hace 37 añosPágina|12asumió un compromiso con el periodismo, lo sostiene y cuenta con vos para renovarlo cada día.",Desconocido,2025-05-14T00:01:00-03:00,https://www.pagina12.com.ar/825493-suba-de-biocombustibles
Sin el repunte anunciado,"EN VIVO El Índice de Precios al Consumidor interanual de Estados Unidos bajó una décima y se ubicó en el 2,3 por ciento, luego del retroceso de tres décimas registrado en marzo. En ese contexto, el dato toca mínimos en más de cuatro años. En términos mensuales, el IPC general subió un 0,2 por ciento, por debajo del 0,3 por ciento que esperaban los analistas, lo que sugiere que las presiones inflacionarias se mantuvieron contenidas a pesar del contexto incierto generado por las tensiones comerciales y la política arancelaria. Por su parte, la inflación núcleo —que excluye alimentos y energía— se mantuvo en 2,8 por ciento interanual, sin cambios respecto al mes anterior. Aunque estos datos no ofrecen aún una base sólida para que la Reserva Federal comience a recortar las tasas de interés, sí confirman que el proceso de desinflación avanza. Conocé todas las opciones del contenido que podés recibir en tu correo. Noticias, cultura, ciencia, economía, diversidad, lifestyle y mucho más, con la calidad de información del Grupo Octubre, el motor cultural de América Latina. Este es un contenido original realizado por nuestra redacción. Sabemos que valorás la información rigurosa, con una mirada que va más allá de los datos y del bombardeo cotidiano. Hace 37 añosPágina|12asumió un compromiso con el periodismo, lo sostiene y cuenta con vos para renovarlo cada día.",Desconocido,2025-05-13T21:29:19-03:00,https://www.pagina12.com.ar/825470-sin-el-repunte-anunciado
¿El fin de la globalización productiva?,"EN VIVO  La globalización productiva es la centralización del desarrollo tecnológico en los países de alto desarrollo industrial y la descentralización de la producción en fábricas localizadas en diversos países. Es fundamental tener en cuenta que las empresas de EE.UU. nunca dejaron de tener el control de la tecnología en sus casas matrices; por ejemplo, el IPhone es diseñado en California, es ensamblado en un país de oriente y las partes a ensamblar provienen de más de 40 países[1]. La localización en la que se desarrolla una producción es el resultado de la minimización de la función costos que incluye como variables el costo de la mano de obra, el costo de la energía, el costo de la logística y sin duda los riesgos políticos de cada locación; estos últimos más complejos de evaluar cuantitativamente. En lo que hace al costo de la mano de obra hasta una década atrás los países del Sudeste Asiático (Tailandia, Singapur, Malasia, Vietnam y Camboya), India, Bangladesh y la China post Mao ofrecían los menores costos de mano de obra. Hoy, sobre todo en el caso de China, la situación cambió drásticamente ya que China con tecnología propia muy de avanzada, ya no es el fabricante barato de otras épocas sino un fuerte competidor de las empresas multinacionales occidentales. El costo de la energía es también un factor fundamental; pero en general, los países con bajos costos energéticos son países que también tienen bajo costo de mano de obra. La cercanía con los centros de consumo es determinante para reducir el costo de la logística, la maquila mexicana es el resultado de bajos costos de mano de obra, de bajos costos de energía y de la vecindad con EE.UU., el principal centro de consumo para la producción de las fábricas que las multinacionales estadounidenses instalaron al sur del Río Bravo. En aquellos países en los que, manteniendo a los trabajadores en condiciones de vida paupérrimas, la función costos de producción se minimiza; existe el inevitable riesgo político para las empresas inversoras asociado a la inestabilidad de un sistema social injusto. Para asegurar el mantenimiento de las condiciones óptimas para los inversores y pésimas para los trabajadores aparece el concepto de neocolonia: los gobiernos“criollos”que reprimen a la población ya sea conservando la formalidad democrática o directamente como dictaduras. La pandemia introdujo cambios fundamentales en las decisiones sobre localizaciones óptimas para la producción de las multinacionales: tenían que acortar las distancias entre los centros de producción y los centros de consumo ya que el transporte de mercaderías súbitamente pasó a ser el eslabón débil de la cadena productiva. Después de la pandemia y de las trabas logísticas que esta impuso, los países de alta industrialización empezaron la búsqueda de logísticas productivas más cortas con una estrategia que se denominó“nearshoring”, estrategia que consistió en trasladar partes o la totalidad de las operaciones productivas a países cercanos o vecinos, para beneficiarse con la proximidad, costos reducidos, y cadenas de suministros optimizadas. Sin embargo, la distancia no era el único punto para optimizar; al“nearshoring”lo siguió el redireccionamiento de las cadenas de suministros a países políticamente de bajo riesgo para evitar interrupciones del flujo productivo: el“friendlyshoring”. Obviamente el“nearshoring”y el“friendlyshoring”convergen al“reshoring”; es decir, las empresas originarias de un determinado país, de EE.UU. por ejemplo, retornan sus cadenas productivas a su país de origen; además, nuevamente la pandemia disparó una fuerte alarma: los elementos que en EE.UU. se necesitaban para disminuir los contagios y para socorrer a los infectados, en muchos casos se fabricaban afuera de sus fronteras. Un abanderado del“reshoring”durante su primera presidencia fue Donald Trump; la política de Donald Trump sintetizada en su famoso lema“Make America Great Again”tuvo fuerte impacto en la población de ingresos medios y bajos de Estados Unidos, ya que el porcentaje de trabajadores fabriles fue disminuyendo significativamente en las últimas décadas. Actualmente, representan aproximadamente el 8% de la fuerza laboral total: la globalización además de castigar a los habitantes de la periferia imponiéndoles pésimas condiciones de vida castigó también a los habitantes de las que fueran las ciudades fabriles estadounidenses, privándolos de sus fuentes de trabajo tradicionales. La política de“reshoring”está focalizada en crear trabajo para los obreros fabriles de EE.UU. (“blue collars”) u otros países de alta industrialización que la adopten, y su gran desventaja, teniendo en cuenta los costos de EE.UU. y los costos asiáticos o latinoamericanos, es el aumento de precios que produce: castigo a los consumidores de los países centrales lo que implica un castigo a la extendida clase media estadounidense. El 02/04/2025 el presidente Trump anunció una fuerte suba de los aranceles de importación en EE.UU., suba de aranceles focalizada en los productos fabricados en China, aunque también castiga fuertemente al aluminio y al acero fabricados en nuestro país. Debemos indagar el motivo de los aranceles a los productos chinos que, sin duda alguna, empobrecerán a la clase media estadounidense[2]. Los motivos de esta agresiva política comercial pueden encontrarse analizando los resultados deficitarios del comercio exterior de EE.UU. y en particular de su comercio exterior con China; el saldo negativo para EE.UU. del comercio exterior de mercancías con el mundo en el año 2024 fue de -1.338.704 millones de dólares y en particular con China el saldo negativo fue de -359.679 millones de dólares [5]. La gran duda es si hoy, EE.UU. está en condiciones de reemplazar la producción importada, ya sea productos terminados o partes para ensamblar, por producción propia. Muy probablemente no. ¿Cómo se arreglaría Apple para fabricar su IPhone sin sus 40 partes importadas? De ahí las idas y vueltas con Europa, Corea y Japón…y China que parece ser el destinatario principal de la guerra comercial que está lanzando Mr. Trump. Paradójicamente, uno de los grandes perjudicados si los aranceles anunciados por Trump efectivamente se aplican, es el magnate Elon Musk, circunstancialmente el funcionario de Trump a cargo de la motosierra. El tema es que TESLA, la fábrica de automotores eléctricos de Musk es una armaduría de partes importadas de países severamente castigados por los nuevos aranceles: Japón, China, Taiwán. Ensamblador de autos lo llamó Peter Navarro, el asesor comercial de Donald Trump. Navarro en la prensa le contestó al dueño de TESLA, de SpaceX y de la red social X:“queremos neumáticos hechos en Akron, trasmisiones fabricadas en Indianápolis, motores producidos en Flint y Saginaw y queremos que los autos se construyan aquí, en EE. UU.” ¿La política dereshoringse llevará puesto a Elon Musk? Después de golpear primero y poner en riesgo a su propia industria, que recibe múltiples insumos chinos, hoy Mr. Trump está reculando en chancletas y negociando con China una baja de aranceles[3][4]. *Profesor Emérito de la UBA [1]https://www.applesfera.com/iphone/tu-iphone-no-chino-torre-babel-tecnologica-piezas-estos-40-paises [2]https://www.nytimes.com/interactive/2025/04/27/world/asia/china-products-us-tariffs-trump.html [3]https://www.nytimes.com/live/2025/04/29/us/trump-news  [4]https://www.nytimes.com/2025/05/12/business/china-us-tariffs.html [5] Molinero y E. Cimillo, «La soledad china,»El Cohete a la Luna,27 abril 2025. Conocé todas las opciones del contenido que podés recibir en tu correo. Noticias, cultura, ciencia, economía, diversidad, lifestyle y mucho más, con la calidad de información del Grupo Octubre, el motor cultural de América Latina. Este es un contenido original realizado por nuestra redacción. Sabemos que valorás la información rigurosa, con una mirada que va más allá de los datos y del bombardeo cotidiano. Hace 37 añosPágina|12asumió un compromiso con el periodismo, lo sostiene y cuenta con vos para renovarlo cada día.",Eduardo Dvorkin,2025-05-13T13:19:33-03:00,https://www.pagina12.com.ar/825287-el-fin-de-la-globalizacion-productiva
"Dólar blue, dólar hoy: a cuánto cotizan el martes 13 de mayo de 2025","EN VIVO Seguí en vivo las cotizaciones de todos los tipos de dólar para este martes.   A poco más de un mes del llamado""Día de la liberación"",el gobierno de Donald Trump anunció una tregua de tres meses en la guerra comercial con Chinapor lo que el gigante asiático reducirá del 125 por ciento al 10 por ciento los aranceles sobre productos estadounidenses y Estados Unidos los bajará del 145 por ciento al 30 por ciento para los bienes chinos.El pacto fue anunciado de manera conjunta desde Ginebra, Suiza, donde el viceprimer ministro chino, He Lifeng, y el secretario del Tesoro estadounidense, Scott Bessent, encabezaron las negociaciones.  ElInstituto Nacional de Estadística y Censos de la República Argentina (Indec) publica el Índice de Precios al Consumidor (IPC)este miércoles 14 de mayo a las 16.00. Este lunes, se publicó elIPC de la Ciudad de Buenos Aires: dio 2,3%, 0,9 puntos porcentuales menos queen marzo, cuando dio 3,2%. Los mostradores de las carnicerías, pescaderías y pollerías, lo mismo que las góndolas y heladeras de los supermercados, reflejaron en abril aumentos promedio en torno del 10 por ciento, mientras que en el mismo mes el Mercado Central de Buenos Aires reportó para frutas y verduras en conjunto una baja mayor al 20 por ciento, a excepción del tomate, según el monitoreo hecho por el Centro CEPA en los mercados de las carnes, verduras y frutas. En abril las ventas minoristas de las pymes retrocedieron 1,8 por ciento frente a marzo, de acuerdo a un relevamiento elaborado por la Confederación Argentina de la Mediana Empresa (CAME). Perfumería y Textil e indumentaria aparecen como los rubros más perjudicados por la retracción de los salarios.  Por Javier Lewkowicz ¿Es unacapitulaciónpor parte de Donald Trump?, ¿representa untriunfo norteamericanosobre China?, más importante aún: ¿por qué tan rápido desescaló la guerra comercial? Estas son algunas de las preguntas que surgen delreciente acuerdosobre tarifas alcanzado entre los Estados Unidos y China. Por Leandro Renou Capitulando en su discurso de que la inflación es un fenómeno sólo monetario, el gobierno de Javier Milei primero pisó el precio del dólar quemando reservas y ahora entró en una dinámica peligrosa de intervenir en paritarias para que no haya aumentos superiores al 1 por ciento que recaliente el IPC. El caso testigo de la iniciativa es el zafarrancho que generaron el tándem Milei y el ministro de Economía, Luis Caputo, en la mesa salarial más grande de la actividad privada: los empleados de Comercio, con 1,2 millones de trabajadores afectados que hoy no pueden cobrar su aumento en una actividad de salarios muy bajos y por decisión exclusiva del gobierno libertario. Una intervención que, además, intenta domesticar no sólo a esa actividad, sino al resto de los gremios y, sobre todo, a los empresarios, en medio de la evidencia de que la plata cada vez alcanza para menos.  Por Bernarda Tinetti La gestión de Javier Milei busca reglamentar cambios en el sistema laboral que quedaron establecidos con la aprobación de la Ley de Bases, donde la indemnización tradicional ante un despido podría ser reemplazada por fondos de capitales acumulados a lo largo de la relación laboral que empezarán a cotizar en la bolsa. Cámaras empresarias y los sindicatos más representativos de cada sector deberán llegar a un acuerdo sobre el funcionamiento de estas herramientas de mercado. La inflación en la Ciudad de Buenos Aires fue del 2,3 por ciento en abril, lo que marcó una desaceleración respecto del 3,2 por ciento de marzo. Esta desaceleración en los precios ocurrió en el mismo mes en que se  flexibilizaron los controles cambiarios y se liberó el precio del dólar comercial. Y a menos de una semana de la celebración de las elecciones legislativas porteñas, en las que la candidata del partido gobernante a nivel local, el PRO, compite no sólo con el candidato de la principal oposición a nivel nacional, sino además con el candidato del oficialismo (La Libertad Avanza) por mantener el lugar de referencia para los votantes de la derecha y centroderecha.  La cotización de apertura del dólar El dólar abrió a $1100 para la compra y $1150 para la venta. Eldólar blue bajó a 1170 pesos este lunes, al registrar un retroceso de 10 pesos respecto del viernes pasado. El dólar mayorista también bajó 4 pesos y se ubicó en 1132 pesos. A su vez, el dólar MEP cerró en 1141 pesos, con un retroceso de 0,3 por ciento.La brecha cambiaria se ubicó en menos del 4 por ciento. Conocé todas las opciones del contenido que podés recibir en tu correo. Noticias, cultura, ciencia, economía, diversidad, lifestyle y mucho más, con la calidad de información del Grupo Octubre, el motor cultural de América Latina. Este es un contenido original realizado por nuestra redacción. Sabemos que valorás la información rigurosa, con una mirada que va más allá de los datos y del bombardeo cotidiano. Hace 37 añosPágina|12asumió un compromiso con el periodismo, lo sostiene y cuenta con vos para renovarlo cada día.",Desconocido,2025-05-13T16:04:17-03:00,https://www.pagina12.com.ar/825242-dolar-blue-dolar-hoy-a-cuanto-cotizan-el-martes-13-de-mayo-d
El caso testigo del cepo de Milei a los salarios,"EN VIVO Capitulando en su discurso de que la inflación es un fenómeno sólo monetario, el gobierno de Javier Milei primero pisó el precio del dólar quemando reservas y ahora entró en una dinámica peligrosa de intervenir en paritarias para que no haya aumentos superiores al 1 por ciento que recaliente el IPC. El caso testigo de la iniciativa es el zafarrancho que generaron el tándem Milei y el ministro de Economía, Luis Caputo, en la mesa salarial más grande de la actividad privada: los empleados de Comercio, con 1,2 millones de trabajadores afectados que hoy no pueden cobrar su aumento en una actividad de salarios muy bajos y por decisión exclusiva del gobierno libertario. Una intervención que, además, intenta domesticar no sólo a esa actividad, sino al resto de los gremios y, sobre todo, a los empresarios, en medio de la evidencia de que la plata cada vez alcanza para menos. En las últimas horas, con un acuerdo ya cerrado hace más de dos semanas y una suba superior al 5,4 por ciento, el Gobierno convocó por segunda vez a la Federación de Empleados de Comercio (Faecys) y a la Cámara de Comercio (CAC) para que tumben ese porcentaje y acuerden un aumento menor. Eso, que ya había sido rechazado por las partes la semana pasada, detonó el nexo entre el gremio y los privados y dejó al Gobierno expuesto interveniendo de manera directa en un acuerdo entre privados. Justo cuando, en campaña, el Presidente había garantizado paritarias libres. Este lunes, en medio de una confusión pocas veces vista, la Faecys, con Armando Cavallieri al frente, aseguró que las empresas van a pagar los aumentos. Por medio de un comunicado precisaron que ""gracias a su diálogo responsable con las cámaras empresarias del sector (CAC, CAME y UDECA), y en reconocimiento a la validez del acuerdo firmado paritario firmado, correspondiente al trimestre abril-junio, los supermercados y comercios se comprometieron a abonar durante la corriente semana los incrementos salariales previstos"". El problema es que esas cámaras son una parte. Fuentes del sector supermercadista, la otra parte clave, dijeron aPágina I12que ""a fin de tomar en consideración a nuestros trabajadores se pagará un adelanto de sueldo que no implica reconocer la paritaria que el gobierno ha llamado a renegociar"". Es decir, el sector que tiene -sumando a los mayoristas y los hipermercados- a un tercio de los trabajadores totales, se niega a pagar no porque el acuerdo no esté firmado, sino porque el Gobierno de Milei no lo homologa, es decir, no lo aprueba. Naturalmente, la tensión que generó la intervención del oficialismo puso al gremio en alerta y con amenazas de asambleas en los lugares de trabajo, lo que llevó a los comercios más grandes a aceptar dar adelantos. Lo curioso es que es tan grave la apuesta del Gobierno que hasta lograron que los privados hagan oídos sordos, sin hacer nada ilegal, a una cláusula que debía garantizar el pago. El artículo 10 especifica que ""(...) para el caso de estar pendiente la homologación del acuerdo y se produzcan vencimientos de los plazos pactados para el pago de los incrementos en la forma escalonada prevista, los empleadores abonarán las sumas devengadas con la mención “Pago anticipado a cuenta del Acuerdo Colectivo Abril 2025”, el que quedará reemplazado y compensado por los rubros correspondientes una vez homologado el acuerdo"". El conflicto que inquieta al Gobierno es que Milei le pidió a Caputo que no haya subas mensuales de salarios mayores al 1 por ciento. Y este acuerdo de Comercio, que es grande, no sólo lo sobrepasa sino que, cuando se pague, los comercios lo trasladarán a precios. Un breve resumen refleja que el pacto de los mercantiles tiene un aumento de 1,9 por ciento en abril, más suma fija de 35 mil pesos; suba de 1,8 en mayo, con suma fija de 40 mil pesos; y aumentos del 1,7 por ciento más suma fija de 40 mil pesos en junio. Esos montos se pagan como no remunerativos y se incorporan a los básicos de manera escalonada desde julio próximo. Vale decir que, una vez aplicada la suba que el Gobierno no quiere aprobar, el sueldo básico de los empleados de comercio ascendería a algo más de 1,2 millones de pesos. Es decir, la foto de un rubro que está por debajo de la media de los sueldos de privados y que no alcanza a pagar la canasta de pobreza que mide el INDEC. Otro punto interesante de esta pulseada que el Gobierno busca forzar es que generó una interna entre los que firmaron el acuerdo y los supermercados y mayoristas, que son los mayores pagadores. La rúbrica más importante del lado privado la estampó Natalio Mario Grinnman, el presidente de la CAC y uno de los ceos más militantes de los libertarios. En las últimas horas recibió fuertes críticas de funcionarios nacionales, que le observan que no podía firmar algo con lo cual los grandes supermercados y mayoristas no estaban de acuerdo con abonar. Hoy la foto es que CAC quiere pagar, pero en el resto está dificil. El asunto es que viendo el desempeño de la inflación en los primeros meses del año en base al IPC CABA (que ya midió abril), el número supera al 11 por ciento. Es decir, aún contando las sumas fijas, el acuerdo de comercio queda por debajo de los precios. Pero para el Gobierno no es suficiente: si firma una paritaria de ese estilo, en la Rosada saben que habilitan acuerdos por ese monto, con el riesgo seguro de que se vayan a precios. Conocé todas las opciones del contenido que podés recibir en tu correo. Noticias, cultura, ciencia, economía, diversidad, lifestyle y mucho más, con la calidad de información del Grupo Octubre, el motor cultural de América Latina. Este es un contenido original realizado por nuestra redacción. Sabemos que valorás la información rigurosa, con una mirada que va más allá de los datos y del bombardeo cotidiano. Hace 37 añosPágina|12asumió un compromiso con el periodismo, lo sostiene y cuenta con vos para renovarlo cada día.",Leandro Renou,2025-05-13T00:01:00-03:00,https://www.pagina12.com.ar/825104-el-caso-testigo-del-cepo-de-milei-a-los-salarios
¿Qué hay por detrás del acuerdo entre EE.UU. y China?,"EN VIVO ¿Es unacapitulaciónpor parte de Donald Trump?, ¿representa untriunfo norteamericanosobre China?, más importante aún: ¿por qué tan rápido desescaló la guerra comercial? Estas son algunas de las preguntas que surgen delreciente acuerdosobre tarifas alcanzado entre los Estados Unidos y China. Los gobiernos de Estados Unidos y China dieron a conocer un acuerdo sobre comercio, luego de rondas de negociación bilateral en Ginebra, Suiza. LaCasa Blancalo vendió de este modo: ""el presidente Donald J. Trump y su administración han logrado otro acuerdo beneficioso para el pueblo estadounidense: un acuerdo comercial inicial con China que reduce los aranceles, pone fin a las represalias y encamina a los estadounidenses hacia un comercio verdaderamente libre y justo"". Por su parte, elMinisterio de Comercio de Chinapublicó una declaración en donde detalla las nuevas medidas de desaceleración en la marcha de la guerra comercial y deslizó lo siguiente: ""Esperamos que la parte estadounidense aproveche esta reunión y continúe trabajando con China paracorregir completamente la práctica incorrecta de aumentos arancelarios unilaterales, fortalecer continuamente la cooperación mutuamente beneficiosa, mantener el desarrollo saludable, estable y sostenible de las relaciones económicas y comerciales entre China y Estados Unidos, e inyectar conjuntamente más certeza y estabilidad en la economía mundial"". Es decir que según China, su contrincante corrigió, parcialmente, el error que había cometido. Cabe recordar que el entendimiento entre ambas potencias llega luego de que el presidente Trump de los Estados Unidos intensificara sus medidas arancelarias, elevando la tasa de""arancel recíproco""sobre China del 34% en la primera ronda al 84% y posteriormente hasta el 125%. Como contraparte,China aplicó represalias. El entendimiento de Ginebra consiste en lo siguiente: a grandes rasgos hay unavuelta a un arancel del 10% durante 90 días, salvo excepciones por alrededor del 10% del universo arancelario. China también ha suspendido o cancelado sus contramedidas no arancelarias contra Estados Unidos. ""Estados Unidos canceló un total del 91% de sus aranceles adicionales, y China canceló correspondientemente el 91% de sus aranceles de represalia. Estados Unidos suspendió la implementación de un ""arancel recíproco"" del 24%, yChina también suspendió correspondientemente la implementación de un arancel de represaliadel 24%"", resumió el gobierno chino. El Financial Times destaca las declaraciones realizadas por Alicia García-Herrero, economista jefe para Asia-Pacífico del banco de inversión francés Natixis, quien señaló que""Estados Unidos fue el primero en ceder"". ""Pensó que podría aumentar los aranceles casi infinitamente sin verse perjudicado, pero no se ha demostrado que sea cierto.La velocidad con la que se eliminaron los gravámenes en Ginebrasugiere que la guerra comercial estaba infligiendo un dolor severo a ambas partes"", agregó. ""Inspirándose en su experiencia empresarial,Trump utiliza los aranceles como moneda de cambio, aparentemente convencido de que una escalada agresiva obligará a los socios comerciales de EE.UU. a ofrecer concesiones significativas y le permitirá declarar una importante victoria política. Peronegociar un acuerdo comercial no es lo mismo que cerrar un trato inmobiliario.El proceso es más lento, más complejo y mucho más trascendental"", explican Angela Huyue Zhang y S. Alex Yang en un artículo publicado en el portalProject Syndicate. ""Esto es particularmente cierto cuando Estados Unidos negocia con China, que posee una economía enorme (y, por lo tanto, una influencia considerable) y unfuerte interés en no hacer concesiones, ya que ceder a las exigencias de Trump podría socavar el orgullo nacional y provocar una reacción negativa en el país. China tiene pocos motivos para creer que Estados Unidos cumplirá sus compromisos o los aplicará de forma significativa, especialmente dada la enorme desconfianza que Trump ha sembrado. En definitiva,cualquier acuerdo comercial que negocien Estados Unidos y China probablemente será frágil, de alcance limitado y vulnerable al colapso"", concluyen. Por su parte, el Profesor de la Universidad Nacional de Quilmes y Subsecretario de Relaciones Internacionales e Interjurisdiccionales de la Provincia de Buenos Aires, Juan Manuel Padín, explica que ""el acuerdo alcanzado entre ambas potencias se precipitó ante lacreciente desaceleración económica globalprovocada por la escalada arancelaria, un mal negocio para todos los actores involucrados en la disputa. ""En particular, el lobby de Wall Street y de poderosas industrias, junto a larevisión a la baja de las perspectivas de crecimiento de Estados Unidos, el alza de la inflación y la potencial amenaza de escasez de productos (chinos) en las tiendas estadounidenses fueron más contundentes que las inciertas promesas de 'traer a las industrias y los empleos nuevamente a los EEUU'.La idea de 'desacoplar' ambos mercados resultaba, a todas luces, afiebrada.El grado de apertura e integración de la economía internacional torna inviable esa estrategia, mientras la dependencia mutua complejiza la implementación de toda política que busque modificar las condiciones económico-productivas en las que se desenvuelven las principales firmas, enmarcadas todavía hoy en la lógica imperante de las cadenas globales de valor"", agrega Padín. Conocé todas las opciones del contenido que podés recibir en tu correo. Noticias, cultura, ciencia, economía, diversidad, lifestyle y mucho más, con la calidad de información del Grupo Octubre, el motor cultural de América Latina. Este es un contenido original realizado por nuestra redacción. Sabemos que valorás la información rigurosa, con una mirada que va más allá de los datos y del bombardeo cotidiano. Hace 37 añosPágina|12asumió un compromiso con el periodismo, lo sostiene y cuenta con vos para renovarlo cada día.",Javier Lewkowicz,2025-05-13T00:01:00-03:00,https://www.pagina12.com.ar/825146-que-hay-por-detras-del-acuerdo-entre-ee-uu-y-china
La inflación porteña que ilusiona a Caputo,"EN VIVO La inflación en la Ciudad de Buenos Aires fue del 2,3 por ciento en abril, lo que marcó una desaceleración respecto del 3,2 por ciento de marzo. Esta desaceleración en los precios ocurrió en el mismo mes en que se  flexibilizaron los controles cambiarios y se liberó el precio del dólar comercial. Y a menos de una semana de la celebración de las elecciones legislativas porteñas, en las que la candidata del partido gobernante a nivel local, el PRO, compite no sólo con el candidato de la principal oposición a nivel nacional, sino además con el candidato del oficialismo (La Libertad Avanza) por mantener el lugar de referencia para los votantes de la derecha y centroderecha. En tanto, según la Dirección de Estadísticas y Censos porteña, el primer cuatrimestre acumuló un alza del 11,1 por ciento, mientras que la comparación interanual arrojó un aumento de 52,4 por ciento. La cifra de la inflación porteña, con una mayor ponderación en los servicios y variaciones oscilantes respecto de la medida por el Indec a nivel nacional, resultó celebrada por el equipo económico. Swon las primeras mediciones de las variaciones de precios tras el cambio del esquema cambiario, a partir del cual muchos proyectaban una inflación en ascenso al menos para abril y mayo. Según el informe de la Dirección de Estadísticas y Censos porteña, la suba de precios de abril estuvo impulsada por los rubros de vivienda, indumentaria y transporte. Los alimentos que habían marcado un incremento del 4,7 por ciento en marzo, en abril  subieron 2,2 por ciento. Al interior de la división, los principales impulsos provinieron de Carnes y derivados (5,0 por ciento) y Leche, productos lácteos y huevos (3,8 por ciento). En sentido contrario, las caídas en verduras, tubérculos y legumbres (-4,6 por ciento) y Frutas (-3,2 por ciento), contribuyeron a quitar presión al índice sectorial. Por su parte, los gastos en alquiler y tarifas subieron 2,4 por ciento, producto de las actualizaciones en los valores de los alquileres y de los gastos comunes por la vivienda. En menor medida, se destacaron las alzas en los precios de los servicios de reparación. En tanto, indumentaria mostró un incremento de 3,2 por ciento atribuible a los cambios de temporada. El transporte avanzó 2,6 por ciento por subas en los valores de los estacionamientos, pasajes aéreos y de combustibles y lubricantes para vehículos. En salud hubo un alza de 2,4 por ciento por los aumentos en medicamentos y cuotas de prepagas. Mientras que la categoría educación, tras el aumento de marzo que lideró la suba de ese mes con un 14,3 por ciento, se desaceleró en abril en un 1,3 por ciento. Según señala el informe del centro de estadísticas porteño, la suba de los Bienes respondió ""fundamentalmente a los incrementos en los precios de los alimentos (principalmente carnes y lácteos) y, en menor medida, a las alzas en los valores de las prendas de vestir y de los combustibles y lubricantes para vehículos"". En tanto, en el comportamiento de los precios de los Servicios se destacaron los aumentos en restaurantes, bares y casas de comida, y de los alquileres. Le siguieron en importancia, las alzas en los gastos comunes por la vivienda y en las cuotas de la medicina prepaga. En sentido contrario, las tarifas de los paquetes turísticos y del alojamiento en hoteles se manifestaron a la baja en el cuarto mes del año. Así, en los primeros cuatro meses del año los Bienes acumularon una suba de 8,8 por ciento y los Servicios de 12,6 por ciento. En cuanto a los Bienes y Servicios Regulados, influyeron en el índice sectorial las actualizaciones en las cuotas de la medicina prepaga. Le siguieron en importancia, los ajustes en los precios de los combustibles  y de los cigarrillos, junto con las alzas en las tarifas residenciales del servicio de electricidad y del viaje en subte. Por último, los Estacionales cayeron principalmente por las bajas en los valores de los paquetes turísticos, de los alojamientos en hoteles y en los precios de las verduras. Ahora la expectativa está puesta en la cifra que difundirá el Indec este miércoles 14 de mayo. Conocé todas las opciones del contenido que podés recibir en tu correo. Noticias, cultura, ciencia, economía, diversidad, lifestyle y mucho más, con la calidad de información del Grupo Octubre, el motor cultural de América Latina. Este es un contenido original realizado por nuestra redacción. Sabemos que valorás la información rigurosa, con una mirada que va más allá de los datos y del bombardeo cotidiano. Hace 37 añosPágina|12asumió un compromiso con el periodismo, lo sostiene y cuenta con vos para renovarlo cada día.",Desconocido,2025-05-13T00:01:00-03:00,https://www.pagina12.com.ar/825157-la-inflacion-portena-que-ilusiona-a-caputo
Subió 10% la carne en mostrador,"EN VIVO Los mostradores de las carnicerías, pescaderías y pollerías, lo mismo que las góndolas y heladeras de los supermercados, reflejaron en abril aumentos promedio en torno del 10 por ciento, mientras que en el mismo mes el Mercado Central de Buenos Aires reportó para frutas y verduras en conjunto una baja mayor al 20 por ciento, a excepción del tomate, según el monitoreo hecho por el Centro CEPA en los mercados de las carnes, verduras y frutas. En el Mercado Central de Buenos Aires (MCBA),  donde se comercializa el 75,3 por ciento de las verduras, tubérculos y legumbres (papa, tomate, zapallo, cebolla, lechuga y batata) y el 55 por ciento del volumen de las principales frutas (banana, limón, manzana y naranja), hubo una contracción general de precios en abril. Bajaron la lechuga (57,9 por ciento), la cebolla (29,4 por ciento), la papa (17,6), el zapallo (13,8) y la batata (4,3) y únicamente el tomate saltó un 56,7 por ciento. En la variación interanual, el incremento sería del 29,8 por ciento en verduras, salvo en el caso del tomate que acumuló 242,3 por ciento. Por su parte, las principales alzas durante abril se dieron en pollo entero (10,7 por ciento), osobuco, tapa de nalga y paleta (6,5 por ciento). En el año, el asado (61,6 por ciento) y el vacío (63,3 por ciento) mostraron subas superiores al promedio general de la carne vacuna. El lomo fue el corte que registró el mayor incremento interanual, con un 68,4 por ciento.En los mostradores de las carnicerías, los distintos cortes de carne bovina registraron en abril una suba de 4,1 por ciento con respecto a marzo (cuando habían incrementado su precio 7,5 por ciento) y el 60,1 por ciento en los últimos doce meses. Conocé todas las opciones del contenido que podés recibir en tu correo. Noticias, cultura, ciencia, economía, diversidad, lifestyle y mucho más, con la calidad de información del Grupo Octubre, el motor cultural de América Latina. Este es un contenido original realizado por nuestra redacción. Sabemos que valorás la información rigurosa, con una mirada que va más allá de los datos y del bombardeo cotidiano. Hace 37 añosPágina|12asumió un compromiso con el periodismo, lo sostiene y cuenta con vos para renovarlo cada día.",Desconocido,2025-05-13T00:01:00-03:00,https://www.pagina12.com.ar/825163-subio-10-la-carne-en-mostrador
Dólares en baja y activos al alza,"EN VIVO Eldólar blue bajó a 1170 pesos este lunes, al registrar un retroceso de 10 pesos respecto del viernes pasado. El dólar mayorista también bajó 4 pesos y se ubicó en 1132 pesos. A su vez, el dólar MEP cerró en 1141 pesos, con un retroceso de 0,3 por ciento.La brecha cambiaria se ubicó en menos del 4 por ciento. El gobierno sigue apostando por la apreciación cambiaria y celebró al inicio de esta semana el salto de las acciones y de los bonos, que estuvieron impulsados por un clima financiero global más relajado luego de unfreno en la guerra comercial entre China y Estados Unidos. En el detalle de los activos bursátiles, se registró que las acciones argentinas saltaron hasta 10 por ciento este lunes y el S&P Merval alcanzó máximos de dos meses y medio, medido en dólares. La bolsa porteña avanzó 5,5 por ciento a 2.230.394,68 puntos básicos. Medido en dólares, el panel líder del S&P Merval escaló 5,8 por ciento hasta los casi 1.930 puntos, el nivel más alto desde el 24 de febrero. Los bonos soberanos también cotizaron en verde, en línea con la mejora del clima financiero internacional tras la pausa arancelaria de 90 días acordada entre Estados Unidos y China. En detalle, los bonos en dólares subieron hasta 2,2 por ciento de la mano del Global 2029, seguido por el Bonar 2029 (+2,1 por ciento) y el Global 2046 (+1,5 por ciento). En el mercado también aseguraron que influyó el desempeño electoral de La Libertad Avanza en varios distritos del país. El Gobierno, mientras tanto, llamó a unanueva licitación de deuda en pesosy ofrecerá, además, un canje de un título CER por un bono dual, todo para este miércoles en el marco de las convocatorias quincenales del Palacio de Hacienda para renovar compromisos en moneda local. La convocatoria se llevará a cabo en el mismo día en que se conocerá la inflación de abril, que se ubicaría cercana al 3 por ciento, lo que podría empujar al Tesoro a ofrecer una menor tasa al mercado. Además, el Tesoro anunció una operación de canje de deuda con el Banco Central (BCRA) por una letra ajustable capitalizable por un valor de unos 4 billones de pesos. Por su parte, en el mercado miraron de cerca novedades con la calificación de la deuda argentina.La calificadora de riesgoFitchmejoró la nota de deuda en moneda extranjera a largo plazo de Argentina y la pasó deCCCaCCC+. También subió la calificación de incumplimiento del emisor en moneda local a largo plazo de CCC a CCC+. ""La mejora de la calificación de Argentina refleja el lanzamiento de un nuevo programa del FMI y una importante liberalización del mercado cambiario, que reforzaron la liquidez externa y la durabilidad del programa de estabilización económica del presidente Javier Milei"", dijeron las consultoras de la city. Según se expresó en un comunicado, ""la recuperación económica y la desinflación ya superaron nuestras expectativas previas y deberían recibir un impulso adicional gracias a estos cambios de política"". La calificadora mencionó que, en abril, las autoridades reemplazaron el esquema de minidevaluaciones por un nuevo régimen cambiario, en el que el peso flota dentro de una banda de entre 1000 y 1400 pesos. Desde la calificadora de riesgo, no obstante, indicaron que existen algunos riesgos y dudas. Se aseguró que si bien se mejoró la capacidad del país para cumplir con los pagos de deuda en el corto plazo,persisten desafíos e incertidumbres en el mediano plazo, lo cual se refleja en la calificaciónCCC+. ""La acumulación de reservas no está aseguradabajo el nuevo régimen cambiario, debido a la preferencia de las autoridades por una moneda fuerte, mientras que el acceso a los mercados externos sigue siendo prohibitivamente costoso"", indicó. Además, las elecciones legislativas de medio término en octubre probablemente serán un factor clave en la dinámica de reservas internacionales y el acceso a los mercados, ya que representan una ""prueba crucial"" de apoyo al programa económico de Milei, así como una posible fuente de volatilidad durante la campaña. Conocé todas las opciones del contenido que podés recibir en tu correo. Noticias, cultura, ciencia, economía, diversidad, lifestyle y mucho más, con la calidad de información del Grupo Octubre, el motor cultural de América Latina. Este es un contenido original realizado por nuestra redacción. Sabemos que valorás la información rigurosa, con una mirada que va más allá de los datos y del bombardeo cotidiano. Hace 37 añosPágina|12asumió un compromiso con el periodismo, lo sostiene y cuenta con vos para renovarlo cada día.",Desconocido,2025-05-12T20:10:30-03:00,https://www.pagina12.com.ar/825151-dolares-en-baja-y-activos-al-alza
Cuándo se publica la inflación de abril 2025 que mide el Indec,"EN VIVO ElInstituto Nacional de Estadística y Censos de la República Argentina (Indec) publica el Índice de Precios al Consumidor (IPC)este miércoles 14 de mayo a las 16.00. Este lunes, se publicó elIPC de la Ciudad de Buenos Aires: dio 2,3%, 0,9 puntos porcentuales menos queen marzo, cuando dio 3,2%. Tras la fuerte suba del mes pasado, cuandoel IPC nacional pasó del 2,4% en febrero al 3,7% de marzo, este miércoles el Indec publicará el primer dato desde laflexibilización de las restricciones cambiarias(cepo), ladevaluación del dólar oficialy el establecimiento de las bandas cambiarias tras un nuevomega endeudamiento con el Fondo Monetario Internacional (FMI). En declaraciones recogidas por el medio económicoBloomberg, las consultoras coinciden en el pronóstico de un dato inferior al mes anterior. Todas aseguran en queesta baja se da por un menor aumento en los alimentos y en el sector educativo, que fueron los que motorizaron la suba de marzo. Al mismo tiempo, señalan queel bajo consumoes otro de los motivos por los cuales elpass-through(traslado a precios de la devaluación) no fue mayor.  El consumo y los salarios, además del tipo de cambio, son dos de las principales anclas del Gobierno. Por un lado, la Secretaría de Trabajo, por órdenes del Ministerio de Economía,no homologa aumentos salarialespor encima del 1% mensual. Incluso opera parabajar las paritarias de Comercio acordadas entre la patronal y los sindicatos,o sea bajar los sueldos. Es que desde la cartera de Economía entienden que un aumento del consumo y la actividad económica recalentaría los precios en este contexto. Según datos de la consultora Sentia,el consumo masivo cayó 5,4%en marzo y encadena 16 meses consecutivos a la baja.Casi un año y medio de consumo a la baja ininterrumpido. En 2024, el consumo de leche per cápita fue el más bajo de los últimos 34 años. El deyerba matefue el peor registro desde 2016. El año pasado, según datos de la Cámara de la Industria y el Comercio de Carnes (Ciccra),el consumo de carne vacuna por persona en 2024 fue el más bajo desde 1920. Fue la primera vez en la historia que los argentinos comieron más pollo que carne vacuna.  Más allá delcongelamiento salarial, la baja del consumo también es efecto que desde diciembre de 2023ha aumentando considerablemente el porcentaje de los ingresos que las familias destinan al pago de los servicios,como luz, agua, gas, internet o telefonía móvil. Un informe del Observatorio de Tarifas y Subsidios IIEP de UBA-Conicet destaca quedesde la asunción de Milei hasta marzo de 2025la canasta de servicios públicos (luz, agua, gas y transporte) en el Amba aumentó 429%. Peropara el Indec todos esos ítems tienenmuy poco peso a la hora de calcular el número de la inflación, mientras sucede todo lo contrario con losalimentos, que estánmuy ponderados, pero aumentan por debajo del promedio del resto de la economía. La inflación en la Ciudad de Buenos Aires, medida por la Dirección de Estadísticas y Censos porteña, fue de 2,3%. Cabe destacar queel mes pasado fue el primero desde mayo de 2024 en el que la inflación nacional fue más alta que la de la Ciudad. El guarismo de la Ciudad solía dar un 50% por encima del de Indec. Y es que la Ciudad utiliza los datos de una Encuesta de Hogares mucho más reciente y actualizada, de 2017/18. Allí las subas en la comida tienen menor peso que en el dato del Indec, pero aumenta el de servicios. Como en abril la comida aumentó menos que en marzo,todo hace suponer que el número del Indec estará por debajo del 3,7% del mes anterior. Conocé todas las opciones del contenido que podés recibir en tu correo. Noticias, cultura, ciencia, economía, diversidad, lifestyle y mucho más, con la calidad de información del Grupo Octubre, el motor cultural de América Latina. Este es un contenido original realizado por nuestra redacción. Sabemos que valorás la información rigurosa, con una mirada que va más allá de los datos y del bombardeo cotidiano. Hace 37 añosPágina|12asumió un compromiso con el periodismo, lo sostiene y cuenta con vos para renovarlo cada día.",Desconocido,2025-05-12T15:46:34-03:00,https://www.pagina12.com.ar/825061-cuando-se-publica-la-inflacion-de-abril-2025-que-mide-el-ind
"La inflación de CABA en abril fue 2,3% y acumula 11,1% en el primer cuatrimestre","EN VIVO Tras la devaluación del dólar oficial y la salida del cepo cambiario,la inflación en la Ciudad de Buenos Aires fue del 2,3 por ciento en abril,lo que marcó una desaceleración respecto del 3,2 por ciento de marzo. Según la Dirección de Estadísticas y Censos porteña,el primer cuatrimestre acumuló un alza del 11,1 por ciento, mientras que la comparación interanual arrojó un aumento de 52,4 por ciento. La cifra de la inflación porteña, que suele ser más alta que la nacional medida por el Indec y con una mayor ponderación en los servicios, resulta un alivio para la Casa Rosada en la previa de las elecciones legislativas porteñas, tras las primeras expectativas por la devaluación oficial en las que se proyectaba una inflación en ascenso para los meses siguientes. Ahora la expectativa está puesta en la cifra que difundirá el Indec este miércoles 14 de mayo, luego de unmarzo que generó alerta por una suba general de precios del 3,7 por cientoy, en particular, en alimentos (5,9%). Según el informe de la Dirección de Estadísticas y Censos porteña,la suba de precios de abril estuvo impulsada por los rubros de vivienda, indumentaria y transporte. Los alimentos que habían marcado un incremento del 4,7 por ciento en marzo, en abril  subieron 2,2 por ciento. Al interior de la división,los principales impulsos provinieron de Carnes y derivados (5,0%) y Leche, productos lácteos y huevos (3,8%). En sentido contrario, las caídas en verduras, tubérculos y legumbres (-4,6%) y Frutas (-3,2%),contribuyeron a quitar presión sobre esta división. Por su parte, los gastos en alquiler y tarifas subieron 2,4 por ciento.Esta suba es producto de las actualizaciones en los valores de los alquileres y de los gastos comunes por la vivienda. En menor medida, se destacaron las alzas en los precios de los servicios de reparación. En tanto,indumentaria mostró un incremento de 3,2 por cientoproducto de los cambios de temporada.El transporte avanzó 2,6 por cientopor subas en incrementos en los valores de los estacionamientos, de los pasajes aéreos y de los combustibles y lubricantes para vehículos de uso del hogar. En salud hubo un alza de 2,4 por ciento por alzas en medicamentos y cuotas de prepagas. Mientras que la categoría educación, tras elaumento de marzoque lideró la suba de ese mes con un 14,3 por ciento, se desaceleró al 1,3 por ciento. Conocé todas las opciones del contenido que podés recibir en tu correo. Noticias, cultura, ciencia, economía, diversidad, lifestyle y mucho más, con la calidad de información del Grupo Octubre, el motor cultural de América Latina. Este es un contenido original realizado por nuestra redacción. Sabemos que valorás la información rigurosa, con una mirada que va más allá de los datos y del bombardeo cotidiano. Hace 37 añosPágina|12asumió un compromiso con el periodismo, lo sostiene y cuenta con vos para renovarlo cada día.",Desconocido,2025-05-12T14:01:44-03:00,https://www.pagina12.com.ar/825036-la-inflacion-de-caba-en-abril-fue-2-3-y-acumula-11-1-en-el-p
"Arrancó el Hot Sale 2025: tres días de ofertas, promociones y descuentos","EN VIVO Estelunes 12 de mayoarrancóuna nueva edición del Hot Sale, el evento de comercio electrónico con descuentos y cuotas,en la que muchos argentinos y argentinas buscarán desde abastecer su heladera o darse un gusto. ¿Cuándo serán estos días de ofertas online? El evento, a cargo de la Cámara Argentina de Comercio Electrónico (CACE), se desarrollará este lunes 12, martes 13 y miércoles 14 de mayo.De acuerdo con los organizadores, este año hay más de mil empresas participando de manera oficial en 11 categorías: ""El objetivo es fortalecer el ecosistema digital argentino, fomentando el desarrollo de la oferta de bienes y servicios e impulsar el crecimiento de los mismos a través de este tipo de acciones de venta masiva online.Y que las empresas tengan la oportunidad de dar a conocer su marca, impulsar su negocio o emprendimiento y posicionarse durante los tres días del evento"", explicaron desde la CACE. Los rubros y todas las ofertas se pueden ver online a através del  sitio oficial delHotsale.Allí se pueden buscar productos por categoría, por tipo de descuento y según la financiación disponible.  Como en el Cyber Monday de 2024, para evitar publicidades engañosas y falsas ofertas —y a pedido de la CACE—, laFacultad de Ciencias Sociales de la UBArealizará unaauditoría para garantizar “la transparencia y veracidad de las ofertas publicadas”por las empresas que se sumaron al Cyber Monday. “Los datos estarán disponibles a partir del lunes 12 de mayo a las 14 hs. Los promedios aquí indicados son confeccionados a partir de un informe realizado por una Entidad Fiscalizadora externa a CACE, neutral e independiente, y son obtenidos a partir de las MegaOfertas que las Empresas Participantes publican durante el evento en el sitio web oficial de Hot Sale., detallaron.  La inflación de marzo anunciada por el Instituto Nacional de Estadísticas y Censos fue de 3,7 por ciento. El dato difundido por el Indec confirma que el objetivo del Presidente de mantener los precios en raya se complica.La inflación del mes pasado fue mayor que la de febrero y se esperan números malos también para abril y mayo. La división de mayor aumento en el mes fueEducación (21,6), con subas en todos los niveles educativos, por el inicio del ciclo lectivo.Le siguió Alimentos y bebidas no alcohólicas (5,9), principalmente por incrementos en Verduras, tubérculos y legumbres y Carnes y derivados. La división que registró la mayor incidencia en todas las regiones fueAlimentos y bebidas no alcohólicas (3,2), por los aumentos en carnes y derivados y verduras, tubérculos y legumbres. Conocé todas las opciones del contenido que podés recibir en tu correo. Noticias, cultura, ciencia, economía, diversidad, lifestyle y mucho más, con la calidad de información del Grupo Octubre, el motor cultural de América Latina. Este es un contenido original realizado por nuestra redacción. Sabemos que valorás la información rigurosa, con una mirada que va más allá de los datos y del bombardeo cotidiano. Hace 37 añosPágina|12asumió un compromiso con el periodismo, lo sostiene y cuenta con vos para renovarlo cada día.",Desconocido,2025-05-12T09:06:00-03:00,https://www.pagina12.com.ar/821741-hot-sale-2025-cuando-empiezan-los-tres-dias-de-ofertas-onlin
"Dólar blue, dólar hoy: a cuánto cotizan el lunes 12 de mayo de 2025","EN VIVO Seguí en vivo las cotizaciones de todos los tipos de dólar para este lunes.   Por Bernarda Tinetti El Gobierno nacional continúa la política aperturista con la eliminación de controles comerciales que exigían laintervención presencialde las entidades sectoriales para verificar las mercaderías importadas en la aduana. El recorte cumple con un pedido de la gestión de Donald Trump en el marco de las negociaciones para conseguir unareducción de los arancelesdel 10 por ciento que estableció Estados Unidos. Por Javier Lewkowicz En 2024, el nodo exportador del Gran Rosario se ubicó comoel segundo más importante del mundo como abastecedor global de cereales, oleaginosas y subproductos,indica un informe de la Bolsa de Comercio de Rosario (BCR). Por Leandro Renou A menos de un mes del pedido del Gobierno para que no aumenten los precios, las empresas volvieron a enviar a los supermercados y comercios barriales nuevas listas con aumentos que duplican a la inflación. Según datos del sector retail a los que accedióPágina/12, los hipermercados y mayoristas ya tienen en la mano incrementos de hasta el 9 por ciento en farináceos y aceites. El fenomeno de las remarcaciones tiene, además, una particularidad: se da en un momento de fuerte caída en las ventas y hasta balances negativos de las grandes firmas de alimentos. En síntesis, el Gobierno de Javier Milei no sólo no logra que el consumo remonte porque demuele los salarios, sino que a los privados parecen no alcanzarles ni varios meses de dólar artificialmente planchado para sostener los precios bajo control.  Por Raúl Dellatorre Las últimas cifras del Indec respecto del mercado laboral dejaron la sensación de mejora, o al menos el sostenimiento de una buena situación, en materia de empleo. Una tasa de actividad elevada en los aglomerados urbanos (48,8 por ciento), desempleo relativamente bajo (6,4 por ciento) y crecimiento interanual de la cantidad de puestos de trabajo (+ 78 mil empleos entre fines de 2023 y fines de 2024). Y sin embargo, un minucioso análisis del Instituto Argentina Grande (IAG) titulado ""empleo en tiempos de motosierra"" da otra cara del asunto, a partir de los mismos datos, al indagar en las condiciones laborales. ""¿En qué trabajan los nuevos ocupados? ¿En qué condiciones horarias y laborales? ¿Qué franja etaria representan?"", se prguntan como disparador del análisis. Y ls respuestas son sorpendentes, además de preocupantes. Mauricio Claver Carone dejará su cargo de Enviado Especial de Estados Unidos ante América Latina antes de fin de mes. Su renuncia fue anticipada por la agencia Bloomberg, y se efectivizará al no haber logrado la confirmación del Senado de su país. Por Mara Pedrazzoli En un proceso de apertura económica como el fomentado por el Gobierno las exportaciones aumentan pero al mismo tiempo desaparecen empresas por la competencia importadora. ¿Cómo lidiar con ese dilema para la política económica? Los episodios de protección industrial no fomentan las exportaciones, pero el tipo de cambio real actual tampoco fomenta la proliferación de actividades económicas por fuera de las extractivas. La producción sufre mucho más que el comercio. Son algunas de las problemáticas que plantean los analistas con respecto al cuadro actual de situación. El furor de los argentinos por viajar al exterior con el dólar barato internta ser aprovechado por empresas aeronáuticas. Latam anunció que comenzará a conectar Buenos Aires con Miami desde el primero de diciembre, generando una nueva conectividad entre Argentina y Estados Unidos con miras a la temporada estival, informaron desde la compañía.  El dólar abrió a $1100 para la compra y $1150 para la venta. La gran novedad de la semana pasada fue el retroceso del dólar oficial mayorista, que cayó 34 pesos (una baja del 5,3 por ciento) y cerró el viernes en 1136 pesos para la venta. Es el primer descenso semanal desde que se implementó el esquema de flotación con bandas y flexibilización del cepo, a mediados de abril. También es la primera baja semanal desde noviembre de 2023. El dólar oficial cotiza a $1100 para la compra y $1150 para la venta. Compra El dólar blue está a $1155 para la compra y a $1175 para la venta Conocé todas las opciones del contenido que podés recibir en tu correo. Noticias, cultura, ciencia, economía, diversidad, lifestyle y mucho más, con la calidad de información del Grupo Octubre, el motor cultural de América Latina. Este es un contenido original realizado por nuestra redacción. Sabemos que valorás la información rigurosa, con una mirada que va más allá de los datos y del bombardeo cotidiano. Hace 37 añosPágina|12asumió un compromiso con el periodismo, lo sostiene y cuenta con vos para renovarlo cada día.",Desconocido,2025-05-13T09:04:33-03:00,https://www.pagina12.com.ar/824978-dolar-blue-dolar-hoy-a-cuanto-cotizan-el-lunes-10-de-mayo-de
Ganadores y perdedores en la industria,"EN VIVO En un proceso de apertura económica como el fomentado por el Gobierno las exportaciones aumentan pero al mismo tiempo desaparecen empresas por la competencia importadora. ¿Cómo lidiar con ese dilema para la política económica? Los episodios de protección industrial no fomentan las exportaciones, pero el tipo de cambio real actual tampoco fomenta la proliferación de actividades económicas por fuera de las extractivas. La producción sufre mucho más que el comercio. Son algunas de las problemáticas que plantean los analistas con respecto al cuadro actual de situación. ""En el primer trimestre de 2025 las exportaciones industriales están por arriba de 2023, pero la producción está 10 por ciento abajo”, confió Daniel Schteingart, director del área de Planificación Productiva de Fundar, aPágina 12. En especial, aumentaron las manufacturas de origen agropecuario (un 37 por ciento respecto al primer trimestre de 2023), que se ven menos afectadas por el tipo de cambio real ya que Argentina tiene allí ventajas comparativas. Las manufacturas de origen industrial están casi en los mismos niveles de 2023. “Este es un proceso que suele caracterizar a los ciclos liberales con apertura importadora. Las exportaciones industriales crecen –pese a la apreciación cambiaria- pero las importaciones crecen mucho más. Esto ocurre porque, cuando se normaliza el comercio, a muchas empresas se les abaratan los insumos y les resulta más barato exportar”, aclara el especialista. A las exportaciones no les va tan mal pero un número pequeño de empresas exportan. En cambio, en materia de importaciones se da una sustitución en favor de los productos extranjeros que golpea a toda la industria. “El mercado interno tiene el mismo tamaño que en 2023, pero con un 17 por ciento más de importaciones”, remata Schteingart. Las políticas del Gobierno promueven las entrada de importaciones mediante, por ejemplo, la reducción en el plazo para el pago de importaciones, la flexibilización de los controles anti-dumping, la eliminación del Código Alimentario para facilitar las exportaciones e importaciones salteando estándares de calidad, el permiso para la importación de maquinaria usada, la derogación del Sistema Estadístico de Importaciones (SEDI) que establecía requerimientos de información para poder importar, y la eliminación de las barreras no arancelarias como las licencias automáticas y no automáticas. La entrada de importaciones pone en jaque a la producción industrial nacional y el tamaño de la crisis dependerá de dos factores mencionados: el mercado interno y el tipo de cambio real. “Si el mercado interno se desploma por la recesión y el tipo de cambio se aprecia rápidamente, entonces la apertura se sentirá fuerte. Si el tipo de cambio se mantiene alto y el mercado interno aguanta, el impacto de la apertura será más leve”, confió una fuente del sector industrial a este diario. Como punto de contraste de los dilemas que enfrenta la política económica, Schteingart menciona lo ocurrido durante el gobierno de Alberto Fernández. “Entre 2019 y 2023 sucedió lo contrario al ciclo de apertura importadora: subió la producción industrial pero cayeron las exportaciones industriales. La producción creció gracias a la protección –se ganó peso en el mercado internovis a vislos productos importados, con la consecuencia sobre los precios que subieron excesivamente- pero se perdió en materia de exportaciones”. Un trabajo reciente de Argendata, la base libre de datos estadísticos históricos de Fundar, muestra que las exportaciones argentinas se multiplicaron más de 200 veces en los últimos 150 años, pero se estancaron desde 2007. En ese último lapso se sucedieron gobiernos de distinto signo político, pero ni siquiera los más “productivistas” pudieron impulsar las exportaciones. La única promesa en este sentido aparece por el lado de las exportaciones de hidrocarburos de la mano de Vaca Muerta. El sector energético “Recién a partir de 2024 ocurrió un cambio sistémico en el sector energético, se revirtió el declino de más de una década en materia de exportaciones menos importaciones y se pasó a un superávit de 5.700 millones de dólares”, rescata Juan José Carbajales, director de la consultora Paspartú especializa en energía. “Este año se prevía duplicar ese valor pero la novedad ahora es que no se llegará a exportar lo suficiente”. Esto debido a la caída en el precio del petróleo Brent afectado por la guerra comercial desatada por Donald Trump y la decisión de aumentar la oferta de los países de la OPEP Plus. En abril se puso en marcha el oleoducto del proyecto Duplicar de la compañía Oleoductos del Valle SA. (Oldelval) que tiene a cargo el transporte del petróleoshaledesde Vaca Muerta hacia el océano atlántico. Una obra de infraestructura de 545 kilómetros –cruza cuatro provincias- que se reconoce como la obra privada más grande en 20 años en Argentina y que permitirá que Vaca Muerta pueda sacar más provecho a su potencial de crudo. En materia de gas se realizan exportaciones regionales (Brasil, Chile) a través de gasoductos. “Este Gobierno cambió la regulación y se enfocó en las exportaciones, eso benefició a las inversiones. Luego dispuso el RIGI para inversiones de gran envergadura pero todavía no se ve un resultado sistémico. Hay un foco en el desarrollo industrial para aumentar exportaciones pero el efecto multiplicador, o de traccionamiento de la cadena productiva interna, tal vez no sea el adecuado. Por ejemplo, se permite la importación demaquinaria usadasin aranceles ni límites” y eso preocupa a la industria local. “Otro problema es el encarecimiento del costo del capital en dólares en el país”, remarca Carbajales.  Donde sin dudas la producción en Vaca Muerta generó un impacto positivo fue en materia de sustitución de importaciones, con las compras de combustibles cayendo a un ritmo promedio del 40 por ciento entre enero de 2024 y enero de 2025. En 2024 se ahorraron casi 4.000 millones de dólares en importaciones energéticas. Caen principalmente las compras de gas y gasoil para la generación de energía eléctrica. Conocé todas las opciones del contenido que podés recibir en tu correo. Noticias, cultura, ciencia, economía, diversidad, lifestyle y mucho más, con la calidad de información del Grupo Octubre, el motor cultural de América Latina. Este es un contenido original realizado por nuestra redacción. Sabemos que valorás la información rigurosa, con una mirada que va más allá de los datos y del bombardeo cotidiano. Hace 37 añosPágina|12asumió un compromiso con el periodismo, lo sostiene y cuenta con vos para renovarlo cada día.",Mara Pedrazzoli,2025-05-11T00:01:00-03:00,https://www.pagina12.com.ar/824680-ganadores-y-perdedores-en-la-industria
Dólar mayorista en plan bajista,"EN VIVO La gran novedad de la semana fue el retroceso del dólar oficial mayorista, que cayó 34 pesos (una baja del 5,3 por ciento) y cerró el viernes en 1136 pesos para la venta. Es el primer descenso semanal desde que se implementó el esquema de flotación con bandas y flexibilización del cepo, a mediados de abril. También es la primera baja semanal desde noviembre de 2023. El dólar oficial minorista se ubicó en 1.166,96 pesos para la venta, según el promedio de las entidades financieras que informa el Banco Central. En el Banco Nación, el tipo de cambio cerró en 1150 pesos para la venta. El blue, por su parte, subió 10 pesos y cerró en 1175, aunque sigue por debajo del umbral psicológico de los 1200 pesos. El gobierno apuesta todo o nada a bajar la inflación apreciando el dólar.Las reservas brutas del Banco Central aumentaron y cerraron el viernes en 38.155 millones de dólares, cortando así una racha de siete días consecutivos de bajas. Según fuentes oficiales, este incremento respondió a la suba de las cotizaciones del oro y de algunas monedas que componen el stock de reservas, además de un ingreso de divisas desde el exterior. A pesar de esta mejora puntual, en la semana se registró una caída acumulada de 805 millones de dólares y, desde el 28 de abril, el descenso total alcanza los 1.124 millones. El movimiento del tipo de cambio tuvo un fuerte impacto el miércoles, cuando el mayorista cayó 70 pesos en una sola rueda. Según operadores del mercado, esta baja se dio por ventas del Banco Central en el mercado de futuros, sumado a una menor demanda de dólares estacional y un incipiente incremento en la oferta por parte del agro. Analistas del mercado explicaron que hubo una venta grande de dólar futuro por parte del Banco Central. La demanda de dólares suele subir a principio de mes por temas de ahorro, pero ya está finalizando. ""Al mismo tiempo, comienza a notarse una mayor liquidación del campo que había estado demorada por las lluvias. El dólar va a moverse más cerca de la banda inferior que de la superior”, dijeron. En tanto, los dólares financieros también subieron. El MEP cerró en 1144,11 pesos, mientras que el contado con liquidación alcanzó los 1159,25 pesos. La brecha con el oficial se redujo hasta el 2 por ciento gracias al rebote del tipo de cambio mayorista. En el mercado de futuros se operó un volumen bajo, en torno a los 991 millones de dólares, lo que contribuyó a una menor presión sobre las cotizaciones. En el plano bursátil, las acciones argentinas vivieron una semana positiva, especialmente en Wall Street. Los papeles de empresas locales que cotizan en Nueva York subieron hasta 8,8 por ciento, como fue el caso de Central Puerto. También se destacaron Edenor (+4,5 por ciento) e YPF (+6,1). En la Bolsa porteña, el S&P Merval trepó 2,6 por ciento en pesos hasta los 2.114.385,52 puntos. Medido en dólares, subió 2,4 por ciento hasta los 1824 puntos, el nivel más alto en casi dos semanas. Entre las acciones líderes que más subieron figuran Central Puerto (+8,6 por ciento), Edenor (+8,1 por ciento) e YPF (+6,3 por ciento). En el acumulado semanal, el panel líder ganó 3,8 por ciento en dólares y 0,6 por ciento en pesos. En contraste, los bonos soberanos en dólares cerraron la semana con resultados más dispares. El riesgo país bajó a 678 puntos básicos. Conocé todas las opciones del contenido que podés recibir en tu correo. Noticias, cultura, ciencia, economía, diversidad, lifestyle y mucho más, con la calidad de información del Grupo Octubre, el motor cultural de América Latina. Este es un contenido original realizado por nuestra redacción. Sabemos que valorás la información rigurosa, con una mirada que va más allá de los datos y del bombardeo cotidiano. Hace 37 añosPágina|12asumió un compromiso con el periodismo, lo sostiene y cuenta con vos para renovarlo cada día.",Desconocido,2025-05-10T00:01:00-03:00,https://www.pagina12.com.ar/824542-dolar-mayorista-en-plan-bajista
Los aumentos le tuercen la mano a Caputo,"EN VIVO A menos de un mes del pedido del Gobierno para que no aumenten los precios, las empresas volvieron a enviar a los supermercados y comercios barriales nuevas listas con aumentos que duplican a la inflación. Según datos del sector retail a los que accedióPágina/12, los hipermercados y mayoristas ya tienen en la mano incrementos de hasta el 9 por ciento en farináceos y aceites. El fenomeno de las remarcaciones tiene, además, una particularidad: se da en un momento de fuerte caída en las ventas y hasta balances negativos de las grandes firmas de alimentos. En síntesis, el Gobierno de Javier Milei no sólo no logra que el consumo remonte porque demuele los salarios, sino que a los privados parecen no alcanzarles ni varios meses de dólar artificialmente planchado para sostener los precios bajo control. ""Lo que el Gobierno no entiende es que la inflación no está cerca de ni de 1 ni de 2, mucho menos de 0"", explicó a este diario un importante empresario de una de las cadenas mayoristas más importantes,que ya no tiene espalda ni stock para hacer lo que pide la Casa Rosada: no tomar listas de aumentos. Esta premisa se dio luego de remarcaciones preventivas que se hicieron con posterioridad al acuerdo con el Fondo Monetario (FMI) y la apertura del cepo. El Gobierno sostenía que la devaluación no se había producido, pero las empresas argumentaban que el dólar en 1200 pesos es una devaluación de entre 10 y 12 por ciento. En ese escenario, días atrás, el ministro de Economía,Luis Caputo, reunió a los grandes supermercados nucleados en la Asociación de Supermercados Unidos (ASU), para agradecerles que no tomen listas nuevas. En ese mitín, ""Toto"" blanqueó que se le está haciendo muy dificil controlar las remarcaciones de las empresas que integran la Coordinadora de Productores de Alimentos (Copal). También refirieron que las firmas más duras son las molineras y las aceiteras, que no ceden ante el pedido oficial. A la luz de los hechos, Caputo parece tener razón.Durante esta semana, Aceitera General Deheza (AGD) envió listas con subas del 6 por ciento; Molino Cañuelas, en tanto, pasó 7 en harinas, 9 por ciento en aceite de oliva y 4,5 en aceite de girasol. Bunge, por su lado, también subió 4,5 por ciento en girasol; al igual que Molinos Río de la Plata, una de las que habían sido elogiadas por Caputo por haber retirado, de manera circunstancial, las listas con aumentos. De acuerdo a datos a los que accedió este diario, también hubo subas superior al 5 por ciento en bebidas con y sin alcohol y en algunas galletitas dulces. En el caso de la harina, cabe destacar, ya había tenido una suba muy fuerte, de entre 12 y 15 por ciento, durante el mes de marzo. Es decir, son aumentos por capas que Caputo no logra contener. A decir verdad, el método de intervención a los precios no les rindió ni a sus antecesores, pero es curioso que los libertarios intenten una metodología de controles que ellos mismos tildaron de fallidas.  Luego de que los supermercadistas rechazaran sus subas de precios y recibieran el apoyo del ministro Caputo, el gigante alimenticio Molinos informó pérdidas en su último balance. La compañía adjudicó ese resultado negativo en el primer trimestre del año a que sus precios ""aumentaron por debajo de los costos"". El reporte de la compañía precisó que ""con costos de venta unitarios aumentando nominalmente por encima de los precios (24,0% vs 8,4%), el resultado neto fue negativo por $5.460 millones"", indicó la compañía. Molinos registró al cierre del primer trimestre ingresos netos por $199.548 millones, lo que implicó una caída del 25,9% en términos reales respecto del mismo período del ejercicio anterior. Si bien alcanzó un incremento de su volumen de ventas en el mercado local de 6,1%, la empresa dijo que ""éste fue más que compensado por una fuerte caída de precios en términos reales, ya que fueron ajustados durante el último año móvil solo en un 8,4% nominal, mientras la inflación registrada por el INDEC fue de 55,9%, en el mismo período"". De todos modos, aclararon que ""ante un escenario de consumo aún deprimido, en el que las principales consultoras de mercado registraron una caída de 8,6% trimestre contra trimestre, la Sociedad mantuvo su enfoque de preservar el adecuado posicionamiento de sus marcas, procurando ofrecer la mayor accesibilidad posible a los consumidores en cada una de las categorías en las que opera"", indicó. Dijo que como resultado de esta estrategia, volvió a registrar un ""incremento generalizado en la participación de mercado"".  Conocé todas las opciones del contenido que podés recibir en tu correo. Noticias, cultura, ciencia, economía, diversidad, lifestyle y mucho más, con la calidad de información del Grupo Octubre, el motor cultural de América Latina. Este es un contenido original realizado por nuestra redacción. Sabemos que valorás la información rigurosa, con una mirada que va más allá de los datos y del bombardeo cotidiano. Hace 37 añosPágina|12asumió un compromiso con el periodismo, lo sostiene y cuenta con vos para renovarlo cada día.",Leandro Renou,2025-05-10T02:28:01-03:00,https://www.pagina12.com.ar/824490-los-aumentos-le-tuercen-la-mano-a-caputo
